:020000022000DC
:1070000000000420757302005D7302005F730200CC
:1070100061730200637302006573020000000000E8
:107020000000000000000000000000006773020084
:1070300069730200000000006B7302006D730200B0
:1070400085A402006F73020021A902006F73020081
:107050006F7302006F730200A1A702006F7302003A
:107060006F7302006F7302006F7302006F73020090
:107070006F730200EDA902006F7302006F730200CC
:107080006F730200958202006F7302006F7302003B
:107090006F7302006F730200251F03006F730200FD
:1070A0006F7302006F7302006F7302006F73020050
:1070B0006F7302006F730200000000000000000008
:1070C0006F7302006F7302006F7302006F73020030
:1070D0006F7302006F7302006F7302006F73020020
:1070E0006F7302006F730200854F03000000000001
:1070F000000000006F730200000000006F730200C8
:10710000000000000000000000000000000000007F
:10711000000000000000000000000000000000006F
:10712000000000000000000000000000000000005F
:10713000000000000000000000000000000000004F
:10714000000000000000000000000000000000003F
:10715000000000000000000000000000000000002F
:10716000000000000000000000000000000000001F
:10717000000000000000000000000000000000000F
:1071800000000000000000000000000000000000FF
:1071900000000000000000000000000000000000EF
:1071A00000000000000000000000000000000000DF
:1071B00000000000000000000000000000000000CF
:1071C00000000000000000000000000000000000BF
:1071D00000000000000000000000000000000000AF
:1071E000000000000000000000000000000000009F
:1071F000000000000000000000000000000000008F
:10720000354936480A1A02D0072291438D4634493F
:1072100034480A1A06D00722914381F309880222D2
:1072200082F3148830483149314A00F044F831483B
:107230003149324A00F03FF831483249324A00F0D1
:107240003AF832483249334A00F035F83248334987
:10725000334A00F030F833483349344A00F02BF811
:1072600033483449344A00F026F83448344900227F
:1072700000F02CF833483449002200F027F8334856
:107280003349091A082902DB002202604160314AB1
:1072900090471F481F49884205D00268043003B454
:1072A000904703BCF7E700208646EC46002000210B
:1072B000294A9047FEE7884207D0521A05D0037842
:1072C00001300B700131013AF9D17047884202D088
:1072D00002700130FAE770470000042000E003204C
:1072E0000000042000000420D4E50300F42B00205B
:1072F000482C0020D0730200D0730200A48C03003D
:10730000D4E50300F42B0020F42B0020808E030032
:10731000808E0300808E0300808E0300808E030029
:10732000808E0300808E0300808E0300D4E503006E
:1073300028E60300482C0020482C0020482C002080
:10734000286E0020286E0020286E0020286E002065
:10735000288E00209D7302005DBD0200FEE7FEE75F
:10736000FEE7FEE7FEE7FEE7FEE7FEE7FEE7FEE7F5
:1073700000F002B8FFF7FCBF0F484FF00701884349
:1073800085460E4880470E48016841F4700101604F
:10739000BFF34F8FBFF36F8FFFF732BF09480A4922
:1073A0000A4A884207D0521A05D0037801300B7080
:1073B0000131013AF9D1704700000420D9C202001E
:1073C00088ED00E06C8E0300E02B0020F42B002001
:1073D000022003F07BBB000008B5094B1B7853B1BA
:1073E000002003F041FB012003F03EFBBDE8084014
:1073F000032003F039BBBDE8084003F049BB00BFE0
:10740000492C0020F8B57B4C237805461BB100239E
:107410002370FFF7E1FF172D00F28880DFE805F009
:107420000C17174354657680888D888D959A9A9AA3
:107430009A9AC4C9D1D9E4E4FFF7CEFF6E4800F0B0
:10744000DEFC6E4B002204461A702046F8BD002078
:1074500003F0E2FAF8B1002003F006FB022D0CBFA6
:107460004FF4E1614FF47A61644B1D704FF40040BA
:107470004FF47A740025E0FB01454FF4FA620023D3
:10748000204629460AF0C2FE00220146BDE8F84027
:10749000594800F09CBC03F0D3FA022D0CBFC82160
:1074A0004FF4C871E0E7002003F0B6FA40B10020C5
:1074B00003F0DAFA4FF44871504B03221A70D5E703
:1074C00003F0BEFAC821F7E7002003F0A5FA38B1AF
:1074D000002003F0C9FA4FF47A61484B0422EDE72B
:1074E00003F0AEFA4FF4C871F7E7002003F094FA06
:1074F00048B1002003F0B8FA404B05221A7040F65C
:10750000CD410022C2E703F09BFAF5E7002003F02B
:10751000DDFA3A4B06221A70002240F26661B5E7A6
:10752000002003F08DFA354B07221A7000248CE7F7
:107530000120207003F0CAFAEEE70120207003F06A
:10754000C5FA00224FF40051A0E703F0B0FA2B4B2C
:107550000C22EAE72A482B4E00F051FCD5F1110528
:1075600004461CD0D8B9012D13D0C8235D434FF475
:1075700000474FF47A7000214FF4FA620023C7FBF2
:1075800005010AF043FE224601461D4800F01FFC9B
:107590000446022003F054FA0123337055E7022019
:1075A00003F062FA0023F8E7FFF716FF134B1222ED
:1075B000BBE7FFF711FF002003F042FA0F4B132245
:1075C000B3E7FFF709FF012003F03AFA0B4B14224F
:1075D000ABE7FFF701FF002003F032FA012003F0D0
:1075E0002FFA064B1522A0E703F061FA034B1D703A
:1075F0009CE700BFB82C0020902C0020C02C00205D
:10760000502C0020492C0020044B1B68DB0703D5BD
:10761000034B1878FFF7F6BE704700BFB42C00206C
:10762000C02C00202DE9F04106460C4603F072FA0A
:1076300068B9012C0DD0022C25D044B9134800F0B4
:10764000DEFB134B9C78134B1B78A34211D0BDE893
:10765000F0810F4D6A782C7842B10F4F0B483A46B3
:107660004FF4804100F0B3FB00B93E70094BAA789B
:107670001A70002CEBD0094B1B68002BE7D020467A
:10768000BDE8F0411847024B5C78F2E7702C00200F
:10769000B02C0020C12C0020482C0020BC2C002045
:1076A00000780221FFF7BEBF002810B54FF00000A0
:1076B00014BF0324002403F032FA1F288ABF0A4BA8
:1076C0004FF0A04300F01F0003EB8000D0F800272C
:1076D00022F44032C0F80027D0F8003743EA0443D0
:1076E000C0F80037002010BD0003005008B903F0B7
:1076F00007BA002070470000044B1B6813F0010319
:1077000001D0FFF77FBE1846704700BFB42C0020A1
:1077100038B5194B1860194B10F002040546196072
:1077200014D0174B17480E221A70012140F2333241
:1077300000F0E2F9044648B900F034FA044628B9EA
:107740000146114A114800F037FB0446EB0711D5FA
:10775000012003F0E7F96CB921460D4A0D4800F00D
:107760002BFB044630B9BDE838400B4A0B480121D9
:1077700000F022BB204638BDB42C0020BC2C0020D9
:10778000B02C0020808E0300A17602008C8E0300B6
:1077900009760200908E0300D1730200888E0300E8
:1077A00038B9012A07D101290AD00246022909D095
:1077B00059B1072070470129F8D1054B1A7070475D
:1077C0000E22FAE7024B5A707047014B9A707047CD
:1077D000B02C002010B90120FFF766BF06207047CB
:1077E00008B5012202210020FFF7DAFF08B10728BF
:1077F00010D1072202210120FFF7D2FF08B107288C
:1078000008D100210A220846FFF7CAFF10B1072855
:1078100008BF002008BD00000388102B10B502D05F
:10782000112B1ED010BD1A4C2168B1B90122084697
:10783000FFF7B6FF08B1072824D107220221012053
:10784000FFF7AEFF08B107281CD104220221002057
:10785000FFF7A6FF08B1072814D12368013323607E
:10786000E0E70B4A1368013B1360002BDAD1FFF706
:10787000B7FF0028D6D0074B1B68002BD2D0BDE83D
:1078800010401847034B1B68002BE6D09847E4E7ED
:10789000C82C0020C42C002008B50020FFF79AFF58
:1078A00008B1062806D10120FFF794FF10B1062881
:1078B00008BF002008BD00000D4B10B518600C4635
:1078C00029B10120FFF712FF40B102232370094BB9
:1078D0001B6853B9BDE81040FFF782BFFFF706FFF2
:1078E00008B10B23F2E72070F1E7002010BD00BFC4
:1078F000C42C0020C82C0020C30710B507D4F023E7
:10790000054A4008145C23401943115410BD090175
:10791000C9B20F23F4E700BF002D002030B5094B9A
:107920001C78094B196800239C4202DC0022104697
:1079300030BD11F83350854201EBC302F7D001335B
:10794000F2E700BFCC2C0020202D002013B5044608
:107950000191FFF7E3FF38B143682BB1019920464D
:1079600002B0BDE81040184702B010BD034B0448F8
:1079700019680022490800F02ABA00BFD02C002064
:10798000D82C002010B5C0B2FFF7C8FF044600781D
:1079900002F0F8FE63785A1E53425341834208D1E5
:1079A000044BD3E90023134303D1BDE81040FFF794
:1079B000DDBF10BDF82C002037B54308354AD35C35
:1079C000C2074CBF1B0903F00F0304460D46042BEE
:1079D00035D8DFE803F003252C383C0079B30121CA
:1079E000FFF78AFF00230DF107008DF8073000F044
:1079F000E3FA0120A4F12003C4F12001264A20FA71
:107A000001F100FA03F30B43A040D2E90041204307
:107A10000B43C2E900039DF8070000F0F1FA0EE005
:107A2000002918BF02212046FFF766FF07E041B199
:107A30000321FFF761FF01212046FFF787FF03B015
:107A400030BD0121EFE70029F9D10421EBE709B1AD
:107A50000321E8E7FFF750FF29462046FFF776FFAE
:107A60000DF107008DF8075000F0A6FA0120A4F1EF
:107A70002003C4F12001084A20FA01F100FA03F3BF
:107A80000B43A040D2E9004124EA000021EA0303AD
:107A9000BFE700BF002D0020F82C00202DE9F041A9
:107AA000124E134F00243378A34208DC114BD3E964
:107AB0000023134318D0BDE8F041FFF757BF3D68DE
:107AC00005EBC40815F8340002F05CFE98F80130AC
:107AD0005A1E53425341181A4142414115F834008D
:107AE000FFF76AFF0134DEE7BDE8F081CC2C00200F
:107AF000202D0020F82C0020092AF7B505460C4659
:107B000016463CD902F06EFDD8B11E4B1E481D60D2
:107B10001E4B1F4F1C701F4B002120221E600AF0BD
:107B2000B3FC1D4B00200021C3E90001013CE4B27D
:107B30000326FF2C0BD1194A1948002100F03CF90B
:107B400003E002F009FD0028DFD003B0F0BD9DF88E
:107B5000063015F834008DF8046005EBC40223F0FC
:107B600007038DF8063001A993788DF805303A4661
:107B700002F042FD013CE4B20028DAD0E5E707203C
:107B8000E3E700BF202D0020002D0020CC2C00209A
:107B900085790200D02C0020F82C00209D7A02006C
:107BA000A08E030070B5084D084E00242B789C422F
:107BB00001D3002070BD3368012113F8340002F0B6
:107BC00097FD0134F2E700BFCC2C0020202D0020CF
:107BD0001FB50021039001AA44F20100CDE9011173
:107BE00000F004F805B05DF804FB000010B572B6B3
:107BF00003F04EFB03F098F90028FBD1104B114C19
:107C00001149E41AE408240444F0010003F0DCFA0A
:107C10000E4B1B68DB0700D500BE0D4944F0020087
:107C200003F0D2FABFF34F8F0A490B4BCA6802F434
:107C3000E0621343CB60BFF34F8F00BFFDE700BF8F
:107C4000648D0300948D0300A48E0300F0ED00E02A
:107C5000B08E030000ED00E00400FA05D0E9022335
:107C6000D1E90201994208BF90422CBF01200020B7
:107C70007047000008B50B4800F0F5FA0A4B0B49B5
:107C8000D3E900231218D1E9000143F100038B422C
:107C900008BF824203D212F1807243F10003104602
:107CA000194608BDF42B0020282D0020A02D00200F
:107CB00037B505460C460A4801A901F0A2FA60B1A1
:107CC0000570446001A9064801F0C5FA18B10548DD
:107CD00000F0CEFA002003B030BD0420FBE700BF67
:107CE0008C2D0020F42B002038B5184B1B7804464F
:107CF00013B90025284638BD0028FAD0037F03F0C9
:107D0000FF05002BF5D0FFF7B5FFD4E90223994218
:107D100008BF904214D3236903B92377D4E905300F
:107D2000984721690029E4D0237F03F0FF05002B49
:107D3000DFD0D4E90223521843F10003C4E902233F
:107D40000348214602F0F7F9D4E700BF302D0020A8
:107D5000CC8E030013B5114B11491868019008230C
:107D60001048582201F018FA044698B90E4A0F48F4
:107D700001A900F069F9044660B90C48012100F03E
:107D800055FA01230A4A0948194600F0B7F9094B88
:107D900001221A70204602B010BD00BFC88E030039
:107DA000342D00208C2D0020217E0200F42B002099
:107DB000FFFF7F00302D00203AB103685A614A1E50
:107DC000514251411961002070470720704738B572
:107DD000037F04460D4683B98261FFF74BFF236999
:107DE000401941F10001C4E9020103B125612146B6
:107DF0000020BDE83840FFF75BBF002038BD0023FE
:107E0000014603770120FFF753BF401A20F07F405F
:107E100070470000014800F026BA00BFF42B002094
:107E20002DE9F04F85B0804600F008FA40B15A4A7B
:107E3000D2E9003113F1807341F10001C2E9003150
:107E40000021404600F009FA38B1544E336823B19E
:107E50003068FFF749FF002333600121404600F0FE
:107E6000FCF920B1FFF706FF4D4BC3E900014D4877
:107E70004A4F4D4EDFF8389103A901F0FCF9002874
:107E800045D1DFF82491454EDFF828A1484602F09D
:107E900068F93368002875D07BB13368D0E90201F6
:107EA000D3E90223994208BF90422DD233681B7F49
:107EB0001BB13168484602F03EF9484602F04BF9E2
:107EC000D0E902B307460193FFF7D4FE019BBBEB59
:107ED000000463EB0105012C75F1000345DBB4F5EB
:107EE000350F40D3FFF796FF304A02444FF4960314
:107EF0000021504600F022F900283ED1336813B922
:107F0000404600F0F3F8376005B0BDE8F08F037825
:107F1000012B1DD0022B09D14FF0000A304602F090
:107F20001AF9002834D080F81CA0F7E73BB9416863
:107F30000B7F23B901230B77304602F0FCF803A92D
:107F4000184801F0C3F903A9164801F094F996E71F
:107F500041683B68994202D100233B60EFE730461D
:107F600002F002F9EBE7BA68C0E70021504600F0E2
:107F70006AF93846FFF7B8FE01E00D28F9D0002372
:107F8000336083E7002BBFD1404600F0B3F8BBE776
:107F9000012389F80030D2E7282D0020A82D0020E9
:107FA000A02D00208C2D0020CC8E0300FFFFB400FC
:107FB000302D0020F42B002070B5EFF3108672B640
:107FC0000C4A946801239CB993600B4B0B4DD3F87A
:107FD000801029401160C3F88050D3F8841051609C
:107FE0004FF0FF32C3F88420047006B962B670BD4A
:107FF0000370FAE7AC2D002000E100E0FC06FFBDB5
:10800000084B9A6810B55AB150B9EFF3108172B6A7
:10801000054A1C6814605C685460986001B962B6D7
:1080200010BD00BFAC2D002000E100E0435882B03D
:108030003BB10023435043580193019B012002B000
:1080400070471846FBE70000F8B5204B4479204DF7
:1080500043F824201F4A204B05EBC4049B1A2279C5
:10806000DB081B0432B143F002001C4903F0ACF8FA
:108070000820F8BD02680C88C2F8084590F9046031
:108080008A7804795201002ED2B219DB14498F1973
:1080900087F800230122760904F01F0402FA04F491
:1080A00041F82640427905EBC201012445F832002F
:1080B0000C7143F003000B4903F086F80020D8E769
:1080C000094904F00F040A55ECE700BFC02D002059
:1080D000B82D0020648D0300A48D0300D88E03000A
:1080E00000E100E0FA8E030014ED00E003680122D5
:1080F0001A607047036801225A60704773B501F136
:108100005005AD000068ADB24FF480348C400026BD
:10811000C0F80843C0F84843465101F5A8714559D5
:10812000019522F07F42019D40F82120C0F8444390
:108130000BB1C0F8044302B070BD00002DE9F74F49
:108140000D4622F07F4402684FF4803705F1500657
:108150008F408046B60002EB8500C2F84873B6B285
:10816000C2F80873D2F8041599464FF0000BD0F806
:108170004035C0F8401542F806B05B1A925900929B
:1081800023F07F43012B009A4FEA850A0CD1264B3E
:108190004FF4806043F001039847D8F8003043F86B
:1081A00006B09B590193019BD8F80010D1F80465E3
:1081B000C1F84473A31B23F07F43012B1CD11A4B3E
:1081C00005F5A875013443F0010341F825404FF44B
:1081D00080609847D8F80030D3F804359E4209D122
:1081E000D8F800300020C3F84473C3F8047303B018
:1081F000BDE8F08F0D20FAE78A44C9F1FF13CAF8F1
:108200004045D1F80405221A013A22F07F4203F5D5
:108210007F439342EED3002AE2D10134CAF84045AD
:10822000D1F804359842DAE7108F03000368022280
:10823000C3F8442309B1C3F80423704700684FF41E
:108240008271FFF7F3BE4FF4803303FA01F1036844
:10825000C3F84813C3F80813704750318900006809
:1082600089B2FFF7E3BE0368D3F804057047000046
:1082700090F90430002B09DB5A09012103F01F0398
:1082800001FA03F34032024941F82230704700BF3F
:1082900000E100E0024B034A1B681068184700BF6A
:1082A000C02D0020B82D002070B5064D06460024D4
:1082B00055F8043B0BB1304698470134042CF7D1F4
:1082C00070BD00BFD02D0020033080B240F2FE33DD
:1082D000984230B51FD8134B1A783AB91C895D897A
:1082E0002C440444A4B2B4F5806F0AD91A7DAAB90B
:1082F0009A8BDC8B2244024492B2B2F5806F0DD887
:1083000001220A801446142202FB04335A891044C5
:108310005881002030BD48F20860FBE748F2066053
:10832000F8E700BF042E00200B4A0C4B51881420A4
:1083300000FB0131CB6833B9042049681070012279
:10834000074801F087BB07490523137002238B8080
:10835000012209680023F3E7E82D0020042E002005
:10836000E02B0020CC2E002007B500230549009308
:10837000054A09680548082301F0D6FA03B05DF8FC
:1083800004FB00BFCC2E0020248F0300E02B002034
:1083900007B5002301460093034A0448082301F06F
:1083A000C3FA03B05DF804FB1C8F0300E02B002030
:1083B00013B500230C4600930146084A08480423DD
:1083C00001F0B2FA38B90749142303FB041401235E
:1083D000237402B010BD48F20D60FAE7188F030055
:1083E000E02B0020042E002037B50A480A4B4268D3
:1083F0009C88196853880325033305709BB20020BD
:1084000000909B0001EB8401044801F08DFA03B059
:1084100030BD00BFE82D0020CC2E0020E02B002036
:1084200010B50146044800F0ECFE1C220446002171
:108430000AF02AF8204610BDB82E002068B1026864
:10844000084B9A4209D14068074B984207D0013344
:10845000984214BF0320012070470320704700207A
:10846000704700BFDEC0ADDEFE011EF1438803335E
:1084700000EB830399420BD382884FF6FF739A4235
:1084800008D0038833B18068431C58425841704774
:1084900002207047012070472DE9F0410D4602236C
:1084A000154F2B80164600F5805100F108044FF05F
:1084B00001088C420ED2236801330BD02046FFF70F
:1084C000D5FF48B10EB186F80080022809D14FF4DB
:1084D00080632B80BDE8F081A3683A68934200D99D
:1084E0003B602B886288033313442B8063880333FB
:1084F00004EB8304DDE700BFFC2D002038B5144BEE
:1085000014220D4602FB00302B68446804F58051AC
:10851000A3B15C88033403EB84048C4215D2236836
:10852000013312D02046FFF7A1FF012808D002280E
:108530000BD00028F1D12C60012038BD0834ECE7C5
:108540006388033304EB8304E7E70020F5E700BF0B
:10855000042E0020426873B504460D466AB3244BCE
:10856000D9688A4229D31B699A4226D812F003039C
:1085700023D120490089098988421ED12068916849
:1085800088421AD11C494868824203D900F58050BC
:1085900082420DD389698A420CD901F580518A4201
:1085A00008D201222A80B3FA83F0400902B070BDDC
:1085B0001A46F7E748F20963F5E700232B801E46C9
:1085C0000196288801A9FFF799FF30B92B8801335C
:1085D0009BB2012B2B80F3D9E8E7019B22689968B5
:1085E0009142EED16360034B1B892381DEE700BF1C
:1085F000E02B0020E82D0020042E00202DE9F84378
:108600001C461D4B1B7806460F46154673B382B3B6
:108610007CB3DFF86C804FF01409A388012B02D9DA
:1086200048F2096020E009FB03F318F803302BB986
:10863000A0882146FFF762FF20B92060A38801339C
:10864000A380EAE723681EB1998832889142EFD16E
:108650001FB119883A889142EAD19A68C5E9002386
:10866000064B1B892B810020BDE8F88348F201608E
:10867000FAE748F20460F7E7E02D0020E82D00203B
:10868000042E002008B5074B5888191DFFF736FF48
:1086900018B1BDE80840FFF7A7BEBDE80840FFF7E6
:1086A00043BE00BFE82D00202DE9F04FA44FDFF8B6
:1086B000B49289B00646B8463B6823B9A1484946FA
:1086C00000F0D9FD3860D8F8005029784B1E052BF2
:1086D00007D8DFE813F022007C007C000E010E01B9
:1086E000660148F20E641422002103A809F0CCFEB2
:1086F00041F61D539C4208BF0024D8F80030049472
:108700001A78013A052A00F2F881DFE812F0E40154
:10871000E8010802180224022E022EB18A4B002220
:108720005A604FF40644DEE72B79032B1DD8DFE8AF
:1087300003F015022B3685490B78022B08461AD018
:108740000B7D022B4FF0010317D114225343C218A3
:108750000020C8545068FFF71BFE03E001232B7173
:10876000FFF702FE002800F0BE80774B00225A601F
:1087700048F20D64B7E70023E7E7734A137000235C
:10878000536041F61D54AEE771497248002302223E
:108790002B718A800968012201F05CF9E2E76C4CD8
:1087A00000262E712068694DFFF7F2FD6A4BD4F860
:1087B00000C05A8814235343EA18EE5451682160CC
:1087C000A188C2F804C011810222A280CAE7B5F8CC
:1087D00014A0AA7DDFF874B1AEB1022AEB8806D9E5
:1087E000142101FB0AB1DA1C088902440A8114220F
:1087F00002FB0ABAC3F57F43BAF80A20FD331344DB
:10880000AAF80A308DE7142303FB0AB318895C68C1
:1088100004EB8004062A69D8DFE802F0274E3644CC
:108820001D5A040041F61D54AA7DEB88022A06D980
:10883000142101FB0AB1DA1C088902440A811422BE
:1088400002FB0ABAC3F57F43BAF80A20FD3313448A
:10885000AAF80A3047E74148414900234360AB6921
:108860000360FFF777FE00285BD00223AB7500237F
:1088700000930423EA182146364801F055F80028F1
:1088800031D048F20D64CFE72B69002B14BF0323CE
:108890000123AB750023009305F10C02042304F1BE
:1088A0000801E9E70123AB750022EB8800922A69F1
:1088B0009B0004F10C01DFE703290CBF052306230D
:1088C000AB7500230093042305F10802E118D3E7F8
:1088D0000623AB75224B1988204B5868FFF768FDBB
:1088E00004460028A0D109B0BDE8F08F48F20E641C
:1088F0009AE7002E7FF415AF2B79012B34D0022B91
:108900003FF43FAF002B7FF4ECAE02232B710DF14F
:108910000A01EB68039303A8CDE90466FFF71AFE8A
:1089200010B948F20964DEE60498BDF80A1083889D
:10893000EB8003882B81FFF73BFD044627E000BF57
:10894000002E0020B82E0020E02D0020042E002054
:10895000CC2E0020E02B0020E82D0020C42D00208C
:10896000D82E0020F82D0020814B03AA3146A81DE7
:10897000FFF744FE7E4B044668B999880498FFF7D8
:1089800017FD044648F209639C423FF4FAAE002CFE
:108990007FF4A9AEA7E708223146184609F074FD16
:1089A000F0E7002E7FF4BDAE724B1A7BB2B11E739E
:1089B0001A78013A062A3FF694AE01A151F822F046
:1089C0006B8A0200918A0200AF8A0200B58A020017
:1089D000E3860200BB8A0200CD8A02001A78072AC9
:1089E000E6D801A151F822F0098A0200B1890200FB
:1089F000B18902002F8A0200438A0200678A0200BE
:108A0000678A02002B8A02001A895B4901321A81A7
:108A100000225A801A730A78B2FA82F252099A72C4
:108A20000A7DB2FA82F25209DA72012207E0534952
:108A300058688A884088033202448A8002221A7069
:108A4000B6E74D4C5A884D49142505FB024208688B
:108A5000546850608888108102200C608880002152
:108A600011740622EBE70722E9E79A7A32B9DA7A3B
:108A70008AB900221A705A805A6082E63E49002262
:108A80009A72CA68002AF2D1097C0029EFD05A8074
:108A9000FFF7F8FD51E70022DA72374A116A002920
:108AA000E7D192F82420002AE3D00122EFE7FFF774
:108AB0009BFC42E7FFF738FC3FE72F4A5B88142115
:108AC00001FB03235868FFF763FC36E700225A6076
:108AD000FFF74AFC31E700238DF80C300DE001224E
:108AE0008DF80C201A89ADF818209A88DB68059358
:108AF000ADF81A2000238DF81C3003A8FFF7D4FB33
:108B0000002649461E48C8F8006000F0DFFB1D48FB
:108B1000012100F095FC00287FF4CEADE3E60222AF
:108B20008DF80C201A89ADF818209A88ADF81A2013
:108B3000DA689B7D05929A1F53425341DBE703227B
:108B40008DF80C20DA88ADF818201A89DB68ADF8AA
:108B50001A200593D1E704228DF80C20DB88ADF8AC
:108B600018300023ADF81A30F3E70523B4E700BF4F
:108B7000DC2E0020E82D0020042E0020CC2E00202A
:108B8000B82E0020C82E00204068FFF78DBD0000E1
:108B900008B50548012100F03BFC18B9BDE80840C4
:108BA000FFF782BD08BD00BFC82E00202DE9F341AC
:108BB0009846374B1B7806460D46002B5CD00029A3
:108BC0005DD009884FF6FF7399425BD06B88002B0C
:108BD00058D06B689B0758D14AB92F890DF1020113
:108BE0003846FFF771FB30B102B0BDE8F081138861
:108BF0005788ADF8023001A8FFF712FC044660B9AF
:108C0000BDF80230234A142101FB0323588903389D
:108C1000C01B588148F20760E6E780F80080002317
:108C20008375BDF8023083826B68036101211A48A5
:108C300000F0FAFB2B882381B8F1030F6B88A38027
:108C400004BF0423A3754FF0000508BF3368E0603C
:108C500008BFA3611148E780658101A900F0FBFA14
:108C600036B1E36833600E4B75601B89B572338192
:108C7000FFF78EFF0020B7E748F20160B4E748F243
:108C80000460B1E748F20360AEE748F20260ABE788
:108C9000E02D0020042E0020FC2D0020B82E002006
:108CA000E82D002008B5034607480268042A08D0CA
:108CB0000168064A42F82130012100F0B5FB00208E
:108CC00008BD48F20B60FBE7D42E0020D02D002019
:108CD0002DE9F04F89B01422002103A809F0D4FB3C
:108CE000794A137803F0FF01009190463BB103A845
:108CF000FFF7DAFA0027384609B0BDE8F08F101DFB
:108D000000F0AAFB0028F5D140F6F8734FF080522E
:108D10001B685C1C08BF6D4B6D4C08BF1B6811695C
:108D20005269581C08BF02FB01F323616949A3F58E
:108D3000405300222046E36000F0C4FD0194074642
:108D40000028D8D164496548DFF8A4B11C238C22DF
:108D500000F022FABA463D464FF003093C46019B1B
:108D6000DE6856443046FFF769FB012862D00328CD
:108D700017D000283DD15A494FF0140C0CFB04FCCD
:108D800001EB0C0201F80C0056600CF110020CF122
:108D9000080C0A4430466144FFF77EFB45F00205AB
:108DA00045E03268531C02D04E4B9A4234D1321DFA
:108DB00006F58051106801302ED104329142F9D16C
:108DC000DBF800203AB902220123CBF80060ABF8AF
:108DD000042000930BE014226243414B02209918B7
:108DE0009854414A4E60548001340881A4B245F041
:108DF00001050AF5805ABAF5405FB0D1B9F1010F0B
:108E000098BF0025EDB2022D03D0062D31D0002DE4
:108E100039D148F20A676EE7314914226243881853
:108E200009F1FF394660032088541FFA89F901349B
:108E3000A4B2DEE7009B6BB1294B14226243991860
:108E400002209854DBF800204A60274A08815480A9
:108E50000134A4B200222549CBF800603046FFF768
:108E60001BFBBBF80420022A0CBF04220822154376
:108E7000BFE7012388F8003003A80023C8F80430B6
:108E8000FFF712FA37E702A8FFF7CAFAC8B10123C1
:108E9000013D03700A2D09D8DFE805F00608060831
:108EA000070807080F110F000023037102A90B48E0
:108EB00000F0D1F9FFF76CFE1DE70323F5E702236D
:108EC000F3E748F2076716E7E02D002014100010C2
:108ED000E02B0020209103002C2E0020B82E002033
:108EE000042E0020DEC0ADDEE82D0020D02E0020B4
:108EF000CC2E002073B50D460446C8B1C1B10DF1AA
:108F00000601FFF727FBB0B10C4BBDF80600666801
:108F1000142202FB003001210C3000F085FA636856
:108F20002E600C336B600123A372002002B070BD71
:108F300048F20460FAE748F20960F7E7042E0020DF
:108F400013B50446A8B10DF10601FFF703FB98B174
:108F50000C4ABDF80630142101FB0323DA6872B114
:108F6000A27A62B1DA680020013ADA60A07202B037
:108F700010BD48F20460FAE748F20960F7E748F2EA
:108F80000560F4E7042E002002230022FFF70EBE46
:108F900018B103230022FFF709BE48F204607047AE
:108FA000114B1B7813B50446ABB14FF6FF739842D3
:108FB00014D001A8FFF734FA98B1052303700123F8
:108FC0000371C48001A9094800F045F9FFF7E0FDED
:108FD000002002B010BD48F20160FAE748F20360D9
:108FE000F7E748F20760F4E7E02D0020B82E0020F4
:108FF0000F4B1B7807B5A3B101A8FFF711FA98B181
:109000000623037001A90B4800F025F90A4B1A78D2
:109010000AB101221A73FFF7BBFD002003B05DF80F
:1090200004FB48F20160F9E748F20760F6E700BF89
:10903000E02D0020B82E0020E82D002007B5ADF867
:109040000600ADF804100DF1060001A9FFF7D6FAED
:1090500003B05DF804FB07B51346ADF806000A46F9
:1090600000200DF10601FFF7C9FA03B05DF804FB1B
:1090700007B51346ADF806000A460DF106000021BB
:10908000FFF7BCFA03B05DF804FB20B119B1036827
:109090000B600020704748F2046070472DE9F84FDC
:1090A0003B4B1B780446002B6CD000286DD0DFF8BA
:1090B000E4A01222002109F0E7F9032323804FF0F6
:1090C000000BD04614274FF00109DAF80410BAF863
:1090D0000A50BAF808600846FFF7B0F9032808BF3D
:1090E0002388628804BF03F1FF33238007FB0B83CF
:1090F0002E44DB681344638023891D4463892581E2
:10910000B6B233446381C6F58066A389B6B2B34272
:1091100001F1080538BFA68101F58051A94229D97E
:109120002B68013326D02846FFF7A0F901280AD082
:10913000022815D00028F1D1A3880133A3800AE0CA
:109140004FF0010BC1E7E3880133E380E3896A88CC
:1091500003331344E3816B88033305EB8305DDE7B9
:10916000E38884F810900133E380E389491B03EB23
:10917000A101E1810AF1140ABBF1000FE0D0002047
:10918000BDE8F88F48F20160FAE748F20460F7E7BB
:10919000E02D0020042E002010B561B1B2FBF3F4E5
:1091A00003FB1424A4B244B9C0E900148460828192
:1091B000C381204610BD0E20FCE70920FAE782B0EB
:1091C00050E8022FC188B2EB324F4FF0000317BFB7
:1091D00092B241EA014142EA014104E04268B2EB45
:1091E000324F08BF012340E80212002AE8D18DF86F
:1091F00007309DF80730002B0CBF1120002002B073
:10920000704737B550E8013F9DB2C4892544848931
:10921000A54228BF2D1B0489A54202BFBFF32F8F93
:10922000002207E0C5EA030540E80154002CE9D11B
:109230004FF001028DF803200193019B9DF803205C
:109240000B6002F0FF0322B10B880068184403B0E2
:1092500030BD1846FBE70A884B889A4209D150E88E
:10926000012FC2EA024240E80123002BF7D101207E
:1092700070470020704737B550E8023F1FFAA3F54A
:10928000C488A54202BFBFF32F8F00220DE0C4891E
:1092900025448489A54228BF2D1BC3EA054540E823
:1092A0000254002CE8D14FF001028DF80320019305
:1092B000019B9DF803200B6002F0FF0322B14B8855
:1092C0000068184403B030BD1846FBE70A884B8895
:1092D0009A4209D150E8022FC2EA224240E8022312
:1092E000002BF7D1012070470020704701F01F02CA
:1092F0004B090121914000EB830000F065B84B0958
:1093000010B501F01F040121A14000EB830000F023
:109310004FF8E04000F0010010BD01F01F030122F2
:109320009A404B0900EB8300D14300F065B84B092C
:1093300001F01F0150F82300C84000F00100704701
:109340002DE9F0474F1E7F0980460E460137002564
:1093500058F8254008EB8509E44394FAA4F4B4FADC
:1093600084F44FEA451A202C06D10135AF42EFD8DC
:1093700034462046BDE8F0875444A642F5D921463C
:109380004046FFF7BCFF0028F3D0D9F80040E44383
:1093900094FAA4F4B4FA84F4E5E710B5034653E86C
:1093A000000F0A4643E8002494F0000FF7D110BDE7
:1093B00010B5034653E8000F40EA010243E80024D9
:1093C00094F0000FF6D110BD10B5034653E8002FFE
:1093D00042EA010043E8000494F0000FF6D110BD0A
:1093E00010B5034653E8000F00EA010243E80024E9
:1093F00094F0000FF6D110BD10B5034653E8002FCE
:1094000002EA010043E8000494F0000FF6D110BD19
:1094100010B5034653E8000F00EB010243E80024B7
:1094200094F0000FF6D110BD10B5034653E8002F9D
:1094300002EB010043E8000494F0000FF6D110BDE8
:1094400010B5034653E8002FA2EB010043E80004E7
:1094500094F0000FF6D110BD0121FFF7A9BF012143
:10946000FFF7B2BF0021FFF7BBBF10B590B1D0E945
:10947000012301689B1ADBB20A60013BDBB2FF2BC0
:10948000026802D10020107110BD11684C1C1460DC
:109490000B70F2E70E20F7E737B5054600240DF113
:1094A00007008DF80740FEF787FD2A686B68116892
:1094B00099420ED9481E106011F8014CEB68298AB8
:1094C00001FB0434AB6811791B1ADBB2994238BF37
:1094D00013719DF80700FEF793FD204603B030BDE1
:1094E00037B5054600230DF107000C468DF807300F
:1094F000FEF762FD2A681368591C1160E968641A56
:10950000298AB4FBF1F41C709DF80700FEF778FD82
:1095100003B030BD826810B504462AB143690168C2
:10952000006998470023A36010BD0EB403B50399EA
:1095300021B104AB01AA019300F076F802B05DF806
:1095400004EB03B070470A2938B504460D4602D132
:109550000D21FFF7F8FFA3682268591CA160D554BC
:10956000D4E901329A4204D32046BDE83840FFF7DF
:10957000D1BF38BD2DE9F84F9846DDE90A431546BD
:1095800082460F460A464FF00109AA420FD2C14552
:1095900038BFC14613F0010B01D16CB9002401267C
:1095A000B8F1010F1BD908F1FF386E43F8E709F154
:1095B0000109B2FBF5F2E8E79B070ED5B8F1000F01
:1095C0000CBF30262026A145E9D2013C3146504649
:1095D000FFF7B9FF002CF6D1E0E72026F3E7B7FB51
:1095E000F6F39D42E1D9DFF83C80B7FBF6F3504635
:1095F00018F8031006FB1377FFF7A5FF3346AB42BD
:10960000B6FBF5F6F1D2BBF1000F02D00CB1A145CB
:1096100001D3BDE8F88F20215046013CFFF793FFAE
:10962000F4E700BF358F03002DE9F74F05461746D5
:109630008846002900F0428118F8011B49B92B7BAC
:10964000002B00F03B81284603B0BDE8F04FFFF748
:1096500061BF252940F0B780002698F800302D2BF7
:10966000424608F1010823D0302B24D02B2B25D0E3
:1096700000242A2B02F1010123D13B681A1D1B682B
:109680003A601C440A4613782E2B26D101324FF043
:10969000000A104610F8011BA1F1300CBCF1090FB3
:1096A0001DD80A2303FB0A13A3F1300A0246F0E790
:1096B00046F00106D1E746F00206CEE746F0040682
:1096C000CBE711F8013CA3F130000928DBD80A22CE
:1096D00002FB0434303C0A46CBE74FF0000A12F894
:1096E000011B01F0FB0068289046F8D0782909D8C2
:1096F0006F290CD8632962D022D8252963D0582934
:1097000000F0888098F80030002B95D197E77039E9
:109710000829F7D801A353F821F000BF9798020059
:1097200005970200059702002598020005970200A0
:1097300003980200059702000597020015980200A1
:10974000642901D06929DDD13A68D2F80090111D51
:1097500089EAE9723960A2EBE9724FF0010B092A3C
:1097600035DCD34538BFD3462CB1B9F1000F01DB4E
:10977000720700D5013CB30702D5BAF1000F03D040
:10978000F00701D44CBB0024B9F1000F2DDAC9F168
:1097900000092D212846FFF7D6FE06F00302022A13
:1097A00004D1BAF1000F01D11CBB0024CDE9004661
:1097B00053460A2249462846FFF7DCFEA2E73B68EB
:1097C0001A1D19783A602846FFF7BDFE9AE70A236A
:1097D0000BF1010BB2FBF3F2C1E7A345D4D2202178
:1097E0002846013CFFF7AFFECCE77107D5D52B210A
:1097F000D0E7A345DAD230212846013CFFF7A3FE8B
:10980000D2E73968CDE900460A1D3A6053460A227C
:109810000968D0E739680A1D3A60CDE90046534629
:109820001022F5E73B681A1D3A6016F00106D3F8DE
:10983000009028D1B9F1000F03D0484608F079FE16
:109840000646B44200D904BB09F1FF3919F8011FDB
:1098500000293FF457AF2846FFF775FEF6E7284684
:109860000136FFF770FE19F806100029F7D1A6425D
:10987000BFF448AF002C3FF445AF20212846013CFF
:10988000FFF761FEF3E70026EDE720212846013CC3
:10989000FFF759FED5E73B681A1D3A60302128468C
:1098A0001C68FFF750FE78212846FFF74CFE002287
:1098B0000823CDE90032214610227CE703B0BDE841
:1098C000F08F00BF13B50B46114680B9104B1148FD
:1098D000114AC01A0E23C0080093104B000410490F
:1098E00040F0010001F087FC0E2002B010BD4BB922
:1098F000074B08480B4AC01AC0080E230093000407
:10990000064BECE703601B6802B0BDE81040184747
:10991000648D0300D48D0300458F0300DB900300AA
:109920004A8F0300798F03002DE9F34188B93D4B3D
:109930003D483E4AC01AC0080E243D4B0094000426
:109940003C4940F0010001F056FC204602B0BDE861
:10995000F0814AB9334B3448374AC01AC0080E2444
:10996000334B00940004EBE7D0F800E0BEF1000FA9
:1099700009D12C4B2C48314AC01AC00808242C4B62
:1099800000940004DCE74BB9264B27482C4AC01A48
:10999000C0080924264B00940004D1E74568D5F897
:1099A0000480B3FBF8F508FB15354DB11D4B1E487F
:1099B000244AC01AC00809241D4B00940004BFE7C4
:1099C0008D0709D0174B18481F4AC01AC008102429
:1099D000174B00940004B3E712F0030F09D0114BAA
:1099E00011481A4AC01AC0081024114B00940004F0
:1099F000A6E7C568A9420BD34D1EEC180569AC4219
:109A000006D8DEF80C40A44602B0BDE8F04160473D
:109A1000044B05480E4AC01AC0081024044B009499
:109A200000048DE7648D0300D48D0300458F03008F
:109A3000ED9003004A8F0300C78F0300738F03006C
:109A4000868F0300CD8F0300F78F03000F90030074
:109A500032900300F7B580B92A4B2B482B4AC01A25
:109A6000C0080E242A4B009400042A4940F001004B
:109A700001F0C1FB204603B0F0BDD0F800C0BCF13E
:109A8000000F09D11F4B2048234AC01AC0080824E0
:109A90001F4B00940004E8E74AB91A4B1A481F4AC2
:109AA000C01AC00809241A4B00940004DDE7476877
:109AB000D7F800E00EF1FF370F4209D0114B1248E2
:109AC000174AC01AC0081024114B00940004CCE7B8
:109AD000C768B9420CD304694D1E0EFB0255A5425E
:109AE00006D8DCF81040A44603B0BDE8F04060475B
:109AF000044B05480B4AC01AC0081024044B0094BC
:109B00000004B2E7648D0300D48D0300458F030089
:109B1000009103004A8F0300738F0300868F0300B8
:109B2000599003007F90030029DF704728DF7047BA
:109B300070B503689E6886B004460D466EB1142267
:109B40000021684608F0A0FCA368059323790195DD
:109B50002BB1012B0DD06846B04706B070BD012374
:109B60008DF8003023690293E368039363690493DB
:109B7000F1E702238DF80030E3681B030293F5E759
:109B80000846704700207047024B187A003818BF0B
:109B900001207047802F0020034B187A0122B0FA71
:109BA00080F05A7440097047802F002008B5104695
:109BB0001A4608F040FC002008BD000008B5142239
:109BC0000021044808F060FC0348FFF7F8FA002081
:109BD00008BD00BF802F0020702F002010B5094C59
:109BE000094B43602046FFF737FC40B908F080F985
:109BF000064920741C2306488C22FFF7CDFA00206A
:109C000010BD00BF802F002014910300E42E00201F
:109C1000702F002070B5244C244E237A25463BB982
:109C200023492448FFF727FB306008B9606070BD06
:109C3000022334682B72237973B1012B24D0204680
:109C40000321FFF775FF00232B726B601849194839
:109C5000BDE87040FFF73ABBD4E90523D21AB2F54C
:109C6000805FD4E9031028BF4FF480529208012A84
:109C700038BF012219441844FFF756FF50B111288C
:109C8000DDD101232B72D2E7D4E903031844FFF797
:109C90004DFFF3E72B7C002BC9D10146BDE8704096
:109CA000022000F009B800BF802F0020982F00206C
:109CB000942F0020702F002038B5831E012B45D82B
:109CC000234C237A002B41D0022B09D1032830D01A
:109CD000204B00221B68E2601A793AB1012A22D097
:109CE000637C7BBBBDE83840FFF794BFD3E9051226
:109CF0008D1AB5F5805F94BF521902F580529A61B2
:109D00009142EDD102284FF0000308BF194623729B
:109D1000104B18BF0D211868FFF70AFF0E490F48B6
:109D2000FFF7D4FADCE71A6901321A615B699A42DB
:109D3000E7E7E3680133082B01D8E360D0E70023AD
:109D4000E360DFE7BDE8384008F0C2B838BD00BFC7
:109D5000802F0020982F0020942F0020702F0020AB
:109D600000F0FD03012B08D1044B00225A74421E5F
:109D7000504250411874FFF74DBF7047802F0020AC
:109D800010B5064C201DFFF767FB28B9637C1BB993
:109D9000BDE81040FFF73EBF10BD00BF802F002080
:109DA0002DE9F34180460D460F4801A916461F468E
:109DB000FFF727FA0446A8B11C22002108F064FB33
:109DC0002D0B0123237101A90748C4F80080A76067
:109DD000E5606661FFF73FFAFFF7D2FF002002B0AF
:109DE000BDE8F0810420FAE7702F00202DE9F74349
:109DF00081468846104801A917461E46FFF701FA1A
:109E00000446B0B11C22002108F03EFB00250A9B4D
:109E1000A36001A9C4E9037807482571C4F800903C
:109E20006661FFF718FAFFF7ABFF284603B0BDE8FD
:109E3000F0830420FAE700BF702F00202DE9F84FCF
:109E4000B0F806A04579D2F800B09DF828900AFB3A
:109E500005F5043D88460BEB0301A94203F1040418
:109E600088BFA5EB030BB4FBFAF607460AFB1644C2
:109E7000C2F800B04EB9AAEB04055D4528BF5D46A7
:109E8000BBF1000F04D1BDE8F88F3F68013EF1E758
:109E9000043408EB06003C442A46B9F1000F0DD00B
:109EA0002146ABEB050B08F0C6FADA452E443F68B5
:109EB00055464FF0000428BF5D46E1E701462046C5
:109EC000EFE7FFF7D2BAF8B546790146721E0546AC
:109ED000002393422D6803D30024A64202D8F8BD84
:109EE0000133F6E70F682846FFF7FAFA01343946DE
:109EF000F3E72DE9F843068ACD1C0746FFF7CCFAB5
:109F0000043E35440446B5FBF6F5F0B14FF48073DA
:109F1000EDB28380C680013D076081464FF00008A6
:109F2000A84512D23846FFF7B7FA064648B163791A
:109F30000133637108F10108C9F800000760814628
:109F4000EEE72046FFF7BFFF34462046BDE8F88322
:109F500001210430FFF768BA10B50121044604302E
:109F6000FFF76EFA10F0FF0F04D12046BDE8104055
:109F7000FFF7A9BF10BD1FB503920022009203AAEC
:109F8000FFF75CFF05B05DF804FB1FB503920122EB
:109F9000009203AAFFF752FF05B05DF804FB41DF12
:109FA00070470000064B10B500241C70054B1C6068
:109FB000BFF35F8F0449054800F0A7F8204610BDA5
:109FC000A42F0020A82F00204C9103009C2F0020DC
:109FD00007B500230DF107008DF80730FDF7ECFF02
:109FE000F1EE103A23F09F03E1EE103ABFF35F8FDA
:109FF000094B4022C3F884219DF80700FEF700F8C2
:10A0000007F076FF20B1FFF7CAFF03B05DF804FB4D
:10A0100020BF40BF20BFF8E700E100E002681368FE
:10A020005268934291BFD01A80680130801888BF6F
:10A03000C01A7047036881681A685B688B4234BF36
:10A0400001330023D31A584258417047F7B5002313
:10A0500004460DF107000D468DF80730FDF7ACFF03
:10A060002046FFF7E7FF10B1237C002B3CD122688C
:10A07000A66853685168B14234BF01310021516074
:10A0800030B11168A068814234BF013100211160F4
:10A09000E2686068511E072920D8DFE801F004104B
:10A0A0001F141F1F1F182A78C2542046FFF7B6FF3F
:10A0B00023689A68824200D29860002415E02A88BA
:10A0C00020F81320F1E72A6840F82320EDE7D5E9CE
:10A0D000006700EBC300C0E90067E6E7294602FB22
:10A0E000030008F0A8F9E0E704249DF80700FDF755
:10A0F00087FF204603B0F0BD836800225A60C3E9A1
:10A1000004229A60DA601A6070470B684A684360FC
:10A11000934208BF0023016008BF43607047436853
:10A1200043B10268916852680B449342436004BF94
:10A1300000234360704770B5446806460D462068AA
:10A1400018B1B3682946984718B923682B60256071
:10A1500070BD2468F3E74368186808B102681A60A4
:10A1600070474368186870474368186800B97047BB
:10A17000884203D102681A600120704703460068D4
:10A18000F4E7000010B50D49A1F59472914201D891
:10A1900000200FE08C1AE30F03EBE4035B1002EBEB
:10A1A000C30452F83330834205D802D204F10802C6
:10A1B000ECE7606810BD2146E8E700BF5896030051
:10A1C00008B5FFF7DFFF024B002808BF184608BD9F
:10A1D0001B9503000B7B23B14B68036000230371C5
:10A1E00070470B6803600123F9E703684A688968D0
:10A1F00010B5D41A8C428BBF5B1800230360026039
:10A2000098BF037110BD03680A68896810B59C1A6D
:10A210008C428BBF5B1A01230360026098BF0371FD
:10A2200010BD037910B504461BB1FFF7DEFF2068AF
:10A2300010BDFFF7E8FFFAE738B5074C051E04F13B
:10A24000080318BF1C4623682BB11A6822605B689C
:10A2500028469847F7E738BDB42F002020B9054BB2
:10A2600001225A70FFF7E8BF012802D1014A90701D
:10A27000F8E77047AC2F002020B9034B01225A7039
:10A28000FFF7DABF704700BFAC2F002038B50E4C87
:10A290002378B3B90D486360A3602361E36000F0E5
:10A2A000BFF8054607F024FE08B900F0C5F8012301
:10A2B0002370074BD3F800340BB10123A370284659
:10A2C00038BD8525F5E700BFAC2F00205DA2020058
:10A2D0000000014037B50D4C00230DF107008DF84B
:10A2E0000730FDF769FEE368013BE360E36833B9DB
:10A2F000074BD3F8005415B900F0B0F8A5709DF8DD
:10A300000700FDF77DFE03B030BD00BFAC2F00207D
:10A3100000000140012813B50CD0032820D038B923
:10A32000124B0122C3F88020BFF34F8FBFF36F8F12
:10A3300002B010BD0E4C00230DF107008DF8073060
:10A34000FDF73AFE23780BB9FFF7A0FFE3689DF80D
:10A3500007000133E3600123A370FDF751FEE7E737
:10A3600000F06AF8FFF7B6FFE2E700BF00E100E0A7
:10A37000AC2F00201FB500238DF807000DF10F0052
:10A380008DF80F30FDF718FE07F0B2FD50B90948FF
:10A390000DF10701FFF75AFE0648FFF74BFE08B123
:10A3A00000F004FB9DF80F00FDF72AFE05B05DF8F4
:10A3B00004FB00BF048D030007B520B103280BD0B8
:10A3C00003B05DF804FB0F4B1B78012BF8D100F0B4
:10A3D000EDFA00F0F3FAF3E700230DF107008DF832
:10A3E0000730FDF7E9FD07480378012B05D1064941
:10A3F000013000F09BFA00F0C7FA9DF80700FDF766
:10A40000FFFDDDE71030002075A3020000F1804061
:10A41000002382B0036003680193019B02B0704780
:10A42000044A137923B901211060918018467047BE
:10A430008520704714300020074B1A68D20704D4D7
:10A44000C02283F8002301221A604FF080430122CA
:10A45000C3F81825704700BF00E100E04FF08042CC
:10A4600008B50223C2F808334FF48270FFF7CEFF1D
:10A47000034B01211960D2F81834DB03FBD408BD6B
:10A480000C000040124B1B6810B573B14FF4807084
:10A49000FFF7BCFF4FF080430122C3F808230D4BA8
:10A4A000587910B95A711B6898470B4B1B6873B1E8
:10A4B0004FF48270FFF7AAFF4FF080430222C3F8E7
:10A4C0000823044BBDE810401B680120184710BD4D
:10A4D00000010040143000200401004000F18040E1
:10A4E00000F5C040002382B0036003680193019B24
:10A4F00002B0704703681F2B83BF03F01F03036084
:10A5000001484FF0A04070470003005007B501908C
:10A5100001A8FFF7EFFF019B00EB8300D0F80037A5
:10A5200023F44033C0F80037D0F8003743EA014144
:10A53000C0F8001703B05DF804FB0000054B4FF0B6
:10A54000FF32072843F8202084BFC01880F8582025
:10A55000704700BF1C30002038B51E4C94F86A309C
:10A56000ABBB4FF6FF71FF205A09012A14BF4FF011
:10A57000FF320A4603F01F05EA40D20748BFE2183F
:10A5800003F1010348BF82F83000302BECD10021E9
:10A59000C8B2FFF7D3FF01310C29F9D106220021FF
:10A5A0000D4807F071FF0D4BC02283F806234022AF
:10A5B0001A604FF4BE70FFF791FF094B4FF0004255
:10A5C000C3F80423012384F86A30002038BD082032
:10A5D000FCE700BF1C3000208030002000E100E0DC
:10A5E00000600040034B93F86A00003818BF012058
:10A5F000704700BF1C300020F7B53B4E33180546AE
:10A6000093F93030002B6CDA8B78C3F34003002BC6
:10A610000BBF082400240C200820844202D104200F
:10A6200003B0F0BD56F82470013743D1701946F8D5
:10A63000242080F8304013B9331983F858508B78B0
:10A640005A0717D4D80737D501A80195FFF752FF4D
:10A65000019B00EB8300D0F8003723F00203C0F821
:10A6600000372248EA0805F007070123BB40875C52
:10A670003B4383548B780A7813F0020328D0A4005C
:10A6800004F1804404F5C0442D02D4F8103523F4BD
:10A690004F3323F44073C4F810351204D4F8103546
:10A6A00005F47C5502F4403215431D43C4F810559F
:10A6B0000020B5E70134B0E701A84A780195FFF71B
:10A6C00019FF019B03F5E073920040F82320C8E7CF
:10A6D000083C344494F8605045EA821284F86020C3
:10A6E000E6E708209CE700BF1C30002080300020F7
:10A6F00073B5224C2618054696F93020072A1ADD34
:10A70000224492F858309B09032B0FD1019001A8E5
:10A71000FFF7F0FE019BD0F81015D94001F00101C0
:10A7200002312846FFF7F2FE02B070BD012B0CBFCC
:10A7300002210321F5E7D3B2072BF5D8930003F1EB
:10A74000804303F5C043D3F8100540F00100C3F87F
:10A75000100502F14000800080B2FFF7BFFE002923
:10A76000E2D096F9303054F82330002BDCD00123AE
:10A7700003FA02F2024BC3F80423D5E71C30002091
:10A780000060004007B5019001A8FFF7B3FE019BF0
:10A79000D0F81005D84000F0010003B05DF804FBCC
:10A7A0002DE9FF470024CDE90244584D4FF4807253
:10A7B000012102F1804303F5C04390B21B68012BD5
:10A7C00006D1D5F804330B4202D0FFF787FE0C43C5
:10A7D0000432B2F5907F4FEA4101EAD14C4B1B683D
:10A7E000012B11D14FF4BE70FFF778FE4FF0A0435C
:10A7F00044F00044D3F820250292C3F82025D3F872
:10A8000020280392C3F8202814F0FF0F1AD0414FDC
:10A8100000250126344210D0AB0003F1804303F53C
:10A82000C043D3F81005D3F8101557F8253023B1DD
:10A83000C1F30141C0F3052098470135082D4FEAC7
:10A840004606E7D1002C59DA324D334C334E4FF0E7
:10A850000008012716F9013B5A1C3CD0C3F3C20182
:10A8600004A801445FFA83F911F8081C03F03F02C1
:10A8700003F0070307FA03F319422CD001A8019251
:10A88000FFF738FE019B03F5E07350F82330C3F364
:10A89000014ABAF1020F10460CBF03210221FFF753
:10A8A00035FE01A80192FFF725FE019B07FA03F38D
:10A8B000C0F82035AB1893F9303055F8233053B138
:10A8C0004FEA9911032904D0BAF1020F19D10129D5
:10A8D00001D11046984708F10108B8F1040FB9D129
:10A8E0004FF0A043D3F820250292C3F82025D4F8D6
:10A8F00020350393C4F820351343A7D104B0BDE835
:10A90000F087BAF1030FE6D10229E1E700600040C9
:10A910007C6100401C300020000300507C3000208F
:10A92000014B1B68184700BF8830002010B5124C3F
:10A930002278FAB9114B1960037813F0010F104B0C
:10A940001EBFD3F8042542F00102C3F80425D3F852
:10A95000002222F00102C3F800224378094A5B0179
:10A96000DBB282F80D334FF40053136001232370E0
:10A97000002010BD8520FCE794300020903000209E
:10A9800000D0004000E100E0064B00221A6082B0D7
:10A990001B680193019B044B0122C3F804231A6036
:10A9A00002B0704700D1004000D00040024A0123AD
:10A9B000C2F808335360704700D00040084A0123B2
:10A9C000C2F808335360074B4FF40052C3F880209D
:10A9D000BFF34F8FBFF36F8F034B00221A70704786
:10A9E00000D0004000E100E094300020074B00223E
:10A9F0001A6082B01B680193019B054BD3F80805D0
:10AA0000044B1B68C0B202B0184700BF00D1004021
:10AA100000D0004090300020074B1B5C1F2B8ABFEA
:10AA2000064A4FF0A04203F01F03D2F80405D840B5
:10AA3000C04300F0010070478296030000030050FD
:10AA4000074B1B5C1F2B86BF064903F01F034FF00B
:10AA5000A041012202FA03F3C1F80C35704700BF90
:10AA60008296030000030050074B1B5C1F2B86BF20
:10AA7000064903F01F034FF0A041012202FA03F33D
:10AA8000C1F80835704700BF8296030000030050EC
:10AA900008B50020FFF7E8FF0120FFF7E5FF0220DF
:10AAA000FFF7E2FFBDE808400320FFF7DDBF08B570
:10AAB0000020FFF7C5FF0120FFF7C2FF0220FFF7CC
:10AAC000BFFFBDE808400320FFF7BABF0A4B185C80
:10AAD0001F288ABF094B4FF0A04300F01F00D3F896
:10AAE00004250121814021EA02000A40C3F808053B
:10AAF000C3F80C25704700BF829603000003005086
:10AB0000034BD3F810056FEA901000F00100704776
:10AB100000030050263818BF4FF0FF307047262042
:10AB200070470000C10710B5044642D54FF080437E
:10AB3000D3F84036DA072ED54FF01023D3F804337C
:10AB400003F00703072B26D11D4B0122C3F8042570
:10AB5000D3F80024002AFBD04FF01021D1F80423B1
:10AB600022F0070242F00402C1F804230022C3F8D5
:10AB70000425134AD2F80034002BFBD0BFF34F8FCB
:10AB80001049114BCA6802F4E0621343CB60BFF373
:10AB90004F8F00BFFDE74FF0A0420C490323C2F8DE
:10ABA0001837C2F82037C1F82437C2F83037FFF71A
:10ABB0006FFFA30742BF054B0C22C3F8182710BD37
:10ABC00000E0014000ED00E00400FA050003005041
:10ABD0007047000007B5044B0093044A402300F07F
:10ABE00032F803B05DF804FBF1AB020096300020B0
:10ABF0002DE9F84388461446B2B10F4B0F4E03259A
:10AC0000002743F00109224608EB0701002001F06C
:10AC10000FFB0744241A48B933782BB14FF47A401C
:10AC2000C847013D02D13570BDE8F8830123337078
:10AC3000002CE8D1F8E700BF909603009530002083
:10AC4000704701F029BBF0B595B01D461646084681
:10AC50000C46FFF77DF91A9B0D93CDE90865002599
:10AC60002B46082205A920460A958DF82C500C95F4
:10AC7000FFF78BF9079B0293069B03939DF8143013
:10AC80008DF8115003F00302012A1DD1BDF81420E4
:10AC9000059DC3F3C203C2F383168DF81030B200D2
:10ACA00008230EA92046FFF770F9C5F3952508ABD8
:10ACB0000093324602AB0EA9284600F05DFB204609
:10ACC000FFF74AF915B0F0BD022AF8D1BDF81650C9
:10ACD000C3F3C203C5F389158DF810300827082D7A
:10ACE0002E4628BF08263B4632460EA92046FFF7CF
:10ACF0004CF9AD1B08AB02AA31460EA8374400F050
:10AD00009FFB002DEBD1DAE708B5FFF79AFF044867
:10AD1000042100F09BFA034B01225A7108BD00BFC9
:10AD20005C8E0300FC2B0020037813F0040216D085
:10AD300003F00303012B03D0022B09D0012070473D
:10AD40000A6800880232C0F3831002440A60F5E703
:10AD50000B684288023303EB92130B60EEE7104658
:10AD6000704700002DE9F04F87B000230446861C91
:10AD70000DF107000F4615468DF80730FDF71CF959
:10AD8000404A51683960936803F580735B1A9246B4
:10AD900002F21C4702F5836902F21448B3421AD347
:10ADA0000020002D69D004F00F039B0143F0050340
:10ADB00063F30F00DAF80430DAB203321E444AF8C3
:10ADC00022009DF80700CAF80460FDF719F9012078
:10ADD00007B0BDE8F08F01213846FEF725FB484655
:10ADE000FEF73DFB4046FEF73AFBDAF8080002901A
:10ADF000C0B203300AEB800002A9FFF795FF029B67
:10AE000030BBDAB20AEB8202D16803919A1C01339B
:10AE1000DBB20AEB83030292D3F80CB001F0030318
:10AE2000012B22D0022B15D083464046FEF71AFB99
:10AE300010B1029BCAF8083059463846FEF7F4FABA
:10AE4000DAF80830DAF8042003F580739B1AA5E7D6
:10AE5000D8B2CEE7BDF80E30C3F3891303334FEAFF
:10AE60001B4B02EB93030293DFE7BDF80C30C3F3F7
:10AE700083134FEA1B4B1344F5E7A40544F0060087
:10AE800098E700BFA8310020064B074810B5002204
:10AE90001A70FFF716F8044610B90448FFF72CF9AA
:10AEA000204610BDA8310020488D0300CC96030039
:10AEB00030B50A4C71B10A4A0A49121BD208002364
:10AEC0009A4201D1002030BD31F82350854202D092
:10AED0000133F5E7034654F83300F4E7648D0300CB
:10AEE0005C8E0300F42B0020094B013903EBC000FA
:10AEF000032909D8DFE801F00A020406042070479C
:10AF000000797047407970470020704702207047F1
:10AF1000648D0300034BD3E90130C31A58425841F2
:10AF2000704700BFA83100202DE9F04186B0FFF73F
:10AF3000F1FF0546002840F0E680744CC4F8180480
:10AF4000BFF34F8FA3680293DBB2033304EB83009C
:10AF500002A9FFF7E9FE029B18B1D4F81824002AD1
:10AF600055D0DAB2991C013304EB8202DBB204EB58
:10AF70008303D268DB68049302F00303022B03927D
:10AF800002914FD1BDF80E306148C3F38917502F9D
:10AF90003E4628BF502666F38F1306F10801ADF830
:10AFA0000E30FEF7A6FF0546002800F09780FEF75A
:10AFB000CFFF002303A908222846FEF7DCFF0299F1
:10AFC000CB43DBB20133C9B20331B6EB830F4FEA97
:10AFD000830804EB810122D908234246A6EB080628
:10AFE0002846FEF7C8FFF6B24A4908F10803324680
:10AFF0002846FEF7C0FF029B033703EB9707029733
:10B00000D4F81834002B41D1D4F8106451E06268B0
:10B010009A4299D8A260284606B0BDE8F08108237C
:10B020003246E5E7012B59D1BDF80C303848C3F35F
:10B030008311062928BF062161F389130231890093
:10B04000ADF80C30FEF755FF0546002846D0FEF758
:10B050007FFF0023082203A92846FEF78CFF002665
:10B06000BDF80C20C2F38312B300964203F108032B
:10B07000C6D202994A1CC9B20331029204EB810183
:10B0800004222846FEF777FF0136E9E72846FEF757
:10B0900063FFFFF73FFF80F00100C5B2BBE7F36835
:10B0A0005B7923B1336829461B6830469847F368BB
:10B0B0001E68002EF3D12846FEF74EFF0DF1070063
:10B0C0008DF80760FCF778FFD4F818340BB9029BB1
:10B0D000A3609DF80700FCF793FFDAE7D4F810446B
:10B0E00054B90D4B0D480E49C01AC008000440F079
:10B0F000020000F069F8CCE7236820469B68984777
:10B10000E3681C68ECE7002585E700BFA831002054
:10B11000488D0300B4310020648D0300948D03003A
:10B12000B49603002DE9F34704460E46924601A962
:10B13000012218469946FFF715FE214F10B3019DD5
:10B140004FF00008AA1CC84508EB02012ED11D488B
:10B150000021FEF722F980F31000000440EA1440B9
:10B16000E4006B1C04F03804DBB2EDB244F00104DF
:10B1700007EB8303033544EA881444EA8624D86045
:10B1800047F825403B7873B100230DF103008DF89B
:10B190000330FCF711FFFFF7C7FE0028FBD19DF835
:10B1A0000300FCF72DFF02B0BDE8F087C9B207EB42
:10B1B00081015AF82830CB6008F10108C3E700BFCD
:10B1C000A8310020C435002000231A46FFF7AABF8B
:10B1D00007B50123019201AAFFF7A4FF03B05DF8B0
:10B1E00004FB07B5CDE9002302236A46FFF79AFF67
:10B1F00003B05DF804FB1FB5CDE90123069B039363
:10B2000001AA0323FFF78EFF05B05DF804FB1FB50D
:10B21000CDE90023069B0293079B03936A46042310
:10B22000FFF780FF05B05DF804FB7FB5CDE9012392
:10B23000089B0393099B04930A9B059301AA05238A
:10B24000FFF770FF07B05DF804FB000030B50F4951
:10B25000D1F8102403460020144634B9DC6820716C
:10B260004AB9C1F81034226030BDE46825798542BE
:10B2700006D02468F1E7D268116821601360F3E713
:10B2800001300A28E8D14FF0FF30EDE7A831002067
:10B29000084A38B50123D2F8104413701D4604B98A
:10B2A00038BDE3685D71236820465B689847E368B2
:10B2B0001C68F4E7A831002007B503460846197A50
:10B2C000052911D05B7A2BB1094A0A490190FEF792
:10B2D0002CF9019808490190FEF727F9019803B06D
:10B2E0005DF804EBFEF716B9002AF8D0F2E700BFCC
:10B2F000D8960300DFAD0300FA96030030B5C3888B
:10B3000085B004460D4633B1144A00921449154ADB
:10B310002846FEF70AF9217A05291DD0637A4BB138
:10B32000A088FFF7E1FD104B104953F82020284674
:10B33000FEF7FBF8227A0E4BA08853F822200392E6
:10B340000021FFF7B5FD039A0A490346284605B0D8
:10B35000BDE83040FEF7E9B805B030BDD89603002F
:10B36000E5960300DD96030064970300DFAD03005C
:10B3700088970300FD9603002DE9F04385B01F4632
:10B380000C9D002395F80C902B7306460C469046B6
:10B3900029463846FFF7B2FFB8F1060F09D8DFE8B3
:10B3A00008F00412181F2833400031462846FEF7E3
:10B3B000BCF8002229463846FFF77EFF85F80C903E
:10B3C00005B0BDE8F083226831462846FEF7ADF8A7
:10B3D000EFE7D4E9002331462846FEF7A6F8E8E770
:10B3E000A36800933146D4E900232846FEF79DF870
:10B3F000DFE7E3680193A36800933146D4E90023B3
:10B400002846FEF792F8D4E723690293E368019394
:10B41000A36800933146D4E900232846FEF785F857
:10B42000C7E76369039323690293E3680193A36801
:10B4300000933146D4E900232846FEF776F8B8E7B2
:10B4400008292DE9F74F80460E4617461C463CD882
:10B45000002593F80C901D7319461046FFF74EFF18
:10B46000DFF888A0DFF888B0AE4231D918F805209F
:10B4700059462046FEF759F80135082DF4D11949EF
:10B48000194DDFF870A02046FEF74FF84FF0000B83
:10B490005E4522D918F80B207E2A05D81046019265
:10B4A00006F074FF019A00B92E2251462046FEF79D
:10B4B0003CF80BF1010BBBF1080FE9D10122214649
:10B4C0003846FFF7F9FE84F80C9003B0BDE8F08F22
:10B4D00051462046FEF729F8CEE729462046FEF7DA
:10B4E00024F8E6E7119703000F9703000D97030078
:10B4F000079703001397030028B139B10023C1E96E
:10B5000000301846704748F21050704748F2135008
:10B51000704738B1006848F24053884214BF18465B
:10B520000020704748F21050704730B119B10B68D5
:10B53000934205D30A600020704748F213507047C9
:10B5400048F21450704700002DE9F041884600AFE2
:10B5500006461146404614461D46FFF7CDFFF8B992
:10B5600029464046FFF7C8FFD0B998F804200F4B92
:10B5700053F82230BBB156B90D4931F8121031B130
:10B5800007316A46C908A2EBC10295466E462A46B3
:10B5900021463046984718B9064B2360063B2B607E
:10B5A000BD46BDE8F08148F20350F9E7B8970300C3
:10B5B0009C9703007652464D70B505460C461E46D4
:10B5C000FFF79AFF70B9AB796AB1B3420ED129790E
:10B5D000094B53F8213063B111462046984708B90A
:10B5E000064B236070BD48F21050FBE748F2115043
:10B5F000F8E748F20350F5E7EC9703007052464D28
:10B600002DE9F0410D460D4904461646FFF781FF2E
:10B6100090B967683146BA792846FFF786FF58B96E
:10B620003A79074B53F8223023B129462046BDE82A
:10B63000F041184748F20350BDE8F0817052464D82
:10B6400020980300F0B530B14079B3B1C9B18AB9DF
:10B6500048F2135313E01846F7E7441E00254E5DE9
:10B660000F5D575516550135013CA542F7D91B1AF8
:10B67000014402448342F0D20BB148F21153184600
:10B68000F0BD48F21053FAE72DE9F8430D4600AF3C
:10B6900004461D49284616469846FFF73AFF48BB20
:10B6A0001A493046FFF735FF20BBD5F80490736880
:10B6B000994522D199F80520396A4046FFF735FFB0
:10B6C000C0B999F80430124A52F82390B9F1000F2A
:10B6D00016D054B90F4A32F8133033B107336A46E3
:10B6E000DB08A2EBC3039D466C464346324629461F
:10B6F0002046C847BD46BDE8F88348F24150F9E707
:10B7000048F20350F6E700BF7652464D7052464D60
:10B710005498030084980300F8B50A4F0A4C0B4D67
:10B72000E41B0121E40829700026A64203D102236C
:10B730002B700020F8BD57F8363098470028F9D113
:10B740000136F2E75C8D0300648D03006036002053
:10B75000054B1A78022A04D01878431E58425841E3
:10B7600070470120704700BF6036002070B5064664
:10B770000D466A46194B9A4205D3FFF7E9FF78B99F
:10B780004FF4054070BD164B16481749C01AC00843
:10B79000000440F00100FFF717FD48F21950F1E7EF
:10B7A000124C236823B1124B1A68124B9A420FD0E5
:10B7B00086B97DB910481149206001F0ADF8002824
:10B7C000E0D10B4B0B4A1A6023680D4A1A60D9E787
:10B7D0000020D7E748F21750D4E700BF00E003206D
:10B7E000648D0300948D03009C980300304F00206B
:10B7F0004C3700206572E54B64360020503700203E
:10B800006169614D10B56C46154B9C420FD3DAB996
:10B81000144B1C68144B9C421BD1E8B913481346C7
:10B82000BDE810400A460068114901F0B3B8114B59
:10B8300011481249C01AC008000440F00100FFF787
:10B84000C3FC48F2195010BD0029E1D148F2105054
:10B85000F9E748F20250F6E748F21750F3E700BF65
:10B8600000E003204C3700206572E54B304F00208C
:10B8700050370020648D0300948D03009C980300D2
:10B8800073B513460D460446F8B111B3144A116856
:10B89000144A914220D1144E01932A460146306841
:10B8A00001F05AF848F27152904210D1002211462C
:10B8B0001046FFF7A7FF50B9019B30682A46214682
:10B8C00002B0BDE8704001F047B848F2135002B032
:10B8D00070BD48F21450FAE748F20250F7E700BF93
:10B8E0004C3700206572E54B304F00200122FFF7F6
:10B8F000C7BF0022FFF7C4BF33DF704776DF704752
:10B9000078DF70477ADF70477CDF70478FDF7047E2
:10B91000FCF75EB908B50948094B0A49C01AC008C6
:10B92000000440F00300FFF74FFC04F03BFB18B1AC
:10B93000BDE80840FCF74CB908BD00BF948D03007A
:10B94000648D0300B598030008B50020FBF7D4FE12
:10B9500008B1FCF73DF9FBF79FFF08B1FCF738F998
:10B96000FFF7CAFF18B1BDE80840FCF731B908BDC0
:10B97000034B0448197881F00101197006F0C7B92A
:10B98000C05400200854002010B51249124C13482E
:10B99000FEF747FC236881B201331148236006F0AB
:10B9A0006EF930F0080209D020F00202112A05D009
:10B9B00043F20142904201D0FCF70AF92268094B98
:10B9C0005343B3F1553F084A94BF0023012313703A
:10B9D00010BD00BFCC530020344F0020DC530020AA
:10B9E00008540020ABAAAAAA122C002008B50D49C1
:10B9F0000D48FEF716FC4FF6FE72C1B20B4805F07B
:10BA0000FBFE30F008020BD020F00202112A07D012
:10BA100043F20142904203D0BDE80840FCF7D8B899
:10BA200008BD00BF80530020905300206C530020BD
:10BA300010B50388212B86B004460FD80F2B11D9DF
:10BA4000103B112B0ED8DFE803F00F2A0D620D0D0D
:10BA50000D6D767D0D0D0D0D0D0D0D3A3B2B40D06E
:10BA6000562B4DD006B010BD424B43484349C01A37
:10BA7000C008000440F00300FFF7A6FB0720FBF717
:10BA80003BFE08B1FCF7A4F83D4BA1883D48198066
:10BA900003F0F2FB0028E5D0FCF79AF8E2E7354B1B
:10BAA0003548227A3849C01AC008000440F0030023
:10BAB000FFF78EFB324B4FF6FF721A80D2E72D4B09
:10BAC0002D483249C01AC008000440F00400FFF7B6
:10BAD0007BFB0023A088ADF8143005A9FFF716FF03
:10BAE000D8E72548234B2A49C01AC008000440F073
:10BAF0000400FFF769FBA0881321FFF7FFFEC9E7E9
:10BB00001D481C4B2349C01AC0080004EFE71A481F
:10BB1000184B2149C01AC008000440F00400FFF788
:10BB200053FB9FE71448134B1C49C01AC00800047C
:10BB300040F00300F3E710480E4B1949C01AC00843
:10BB40000004F5E7437A0B4A0B481649801A627BDA
:10BB50000292227B0192A27AC008C2F3C0020004C2
:10BB60000092C3F38003227A40F00300FFF75DFBED
:10BB700078E700BF648D0300948D0300C298030032
:10BB8000102C002058540020CD980300E6980300A4
:10BB9000FA9803000F9903002499030043990300C6
:10BBA000609903007F9903000A8840F677239A4240
:10BBB00010B50C460BD1094B09484A88C01AC00879
:10BBC00000048B88074940F00300FFF70AFB214679
:10BBD0000548BDE8104006F09DB800BF648D030025
:10BBE000948D0300D59903000854002008B503780C
:10BBF0004BB9054B3B211888FFF780FE18B1BDE813
:10BC00000840FBF7E5BF08BD102C0020072808B549
:10BC100013D00A280DD0042819D10D4B13211888F0
:10BC2000FFF76CFE30F0080311D0BDE80840FBF7C9
:10BC3000CFBFBDE80840FFF787BE054B1A884FF617
:10BC4000FF739A4203D1034801F0A1FCEAE708BD63
:10BC5000102C0020384F002008B598B1032815D1CA
:10BC60000B4B0C480C49C01AC008000440F00300FC
:10BC7000FFF7AAFA0220FBF73FFD38B1BDE8084004
:10BC8000FBF7A6BFBDE80840FFF75EBE08BD00BFDA
:10BC9000648D0300948D0300049A030008B51B4BC8
:10BCA0001B78002B31D01A491A48FEF7BAFA81B234
:10BCB000194806F012F816491648FEF7B2FA81B292
:10BCC000154806F00AF812491248FEF7AAFA81B29E
:10BCD000114806F002F80E490E48FEF7A2FA81B2AA
:10BCE0000D4805F0FAFF0A490A48FEF79AFA81B2B0
:10BCF000094805F0F2FF06490648FEF792FABDE84A
:10BD0000084081B2044805F0E8BF08BD122C0020AD
:10BD100064540020745400200854002008B50548DD
:10BD2000032101F0EDFA18B1BDE80840FBF750BF60
:10BD300008BD00BF384F002010B5044604F0BAFD1E
:10BD4000204604F099FB23780C2B03D1BDE810406A
:10BD5000FFF7E4BF10BDFBF73BBF000000B54FF499
:10BD60008041B7B00020FFF78FF808B1FBF730FF34
:10BD7000FEF7CAFFFBF7EEFF08B1FBF729FFB14A58
:10BD8000B1480121FCF718F808B1FBF721FFAF4AD1
:10BD9000AF480121FCF710F808B1FBF719FFAD4AD5
:10BDA000AD480121FCF708F808B1FBF711FFAB4AD9
:10BDB000AB480121FCF700F808B1FBF709FFA949DE
:10BDC0000320FBF7A5FC08B1FBF702FF0BA900203D
:10BDD000FBF772FD08B1FBF7FBFEFEF7E3F808B1D5
:10BDE000FBF7F6FE06F006F808B1FBF7F1FE0023BC
:10BDF0000BA901200B9306F0CBF808B1FBF7E8FE86
:10BE00000BA806F097F908B1FBF7E2FE112396485C
:10BE10008DF81C3006F08DFB934982B207A8FFF71E
:10BE200073FD08B1FBF7D4FE40F24130FFF768FD27
:10BE300008B1FBF7CDFE8D4C082200210BA806F0BF
:10BE400023FB4FF0C8730BA8CDE90B43FFF75AFD56
:10BE500008B1FBF7BDFE8649864802F0DBFE08B15B
:10BE6000FBF7B6FE0021AC220BA806F00DFB022367
:10BE70008DF82C3040F20163ADF82E300323ADF87D
:10BE80003C307D4B109301234FF496708DF8A83011
:10BE900044F25063CDE92D030BA9784B78483493D5
:10BEA00001F0B7F908B1FBF793FE7548012101F0E5
:10BEB000ADF9744B7448029302A903F0CBF908B1B1
:10BEC000FBF786FE03230021102203A88DF807301C
:10BED00006F0DAFA0023039301238DF810300DF1F8
:10BEE00007030593694840F2011303A9ADF8183020
:10BEF00005F056FE08B1FBF76BFE1022002107A8E3
:10BF000006F0C2FA00230793012209936048614BAF
:10BF10008DF8202007A90A9305F0FAFB08B1FBF77A
:10BF200057FE402200210BA806F0AEFA0BA85A4992
:10BF300001F023FE01230BA88DF8683005F0F2FC18
:10BF400008B1FBF745FE55495548512301256426A4
:10BF5000C1E900368D600D73FEF73CF95149524836
:10BF60008C224FF49673C1E9002300240A238B60CE
:10BF70000C73FEF72FF94D494D480E604FF4FA73DC
:10BF8000C1E901350C73FEF725F921461C220BA8E7
:10BF900006F07AFA4FF4F0234FF4A031CDE90C13F8
:10BFA00003238DF83830394B0B949B89ADF83A3028
:10BFB000404B10930BA8404B8DF83C40119301F07F
:10BFC00003FC08B1FBF704FE03F026FF08B1FBF702
:10BFD000FFFD052200210BA806F056FA0B9B03F08B
:10BFE0007C42364B13430B939DF8303023F0030310
:10BFF00043F003030BA88DF8303003F0A7FF08B11E
:10C00000FBF7E6FD2E4803F089FF08B1FBF7E0FDE2
:10C010002C4B2D482D49C01AC008000440F00300E5
:10C02000FFF7D2F82A4800224FF40041FBF7CFFE79
:10C0300008B1FBF7CDFD274800224FF48041FBF704
:10C04000C6FE49E0EDB90200589A030089B9020022
:10C050005C9A03009DBC0200609A030071B9020063
:10C06000649A03000DBC0200169A03004001080206
:10C07000A9BB0200B8530020042C002059BC0200C8
:10C08000384F002011B902005854002008540020F5
:10C090006C53002064010101219A030080530020A9
:10C0A00090530020CC530020DC5300206454002027
:10C0B00074540020EDBB020057BD02003507100389
:10C0C00039BD0200648D0300948D0300359A03008E
:10C0D00098530020E853002008B1FBF779FD104881
:10C0E000002241F23331FBF772FE08B1FBF770FD1D
:10C0F0000C4800224FF4A031FBF769FE08B1FBF7B2
:10C1000067FDFFF707FC02F0A5FF08B1FBF760FD34
:10C11000FEF70AFF0028F6D1FDF75AFFF3E700BF4C
:10C1200080540020A05400200369C1688B429DBF49
:10C130008268D21802F1FF3203F1FF3394BF501A24
:10C14000581A70472DE9F843D0E902940546A9EB47
:10C1500004084068904520440F46144404D906F072
:10C160006AF9EC60BDE8F8834246A4EB090406F0E6
:10C1700062F96868224607EB0801F0E72DE9F84309
:10C18000C5680646894617464FF000083469B3680B
:10C190007068A54228BFE418013C621B5C1BBC42CE
:10C1A00028BF3C46944228BF1446494628442246AC
:10C1B00006F041F9B3682544AB4208BF00253F1B98
:10C1C000A044A144F560E1D14046BDE8F8830000F9
:10C1D00010B5114C1149A1610223C4E90433A164D3
:10C1E0000F4B1049E361E1644FF400731021012209
:10C1F0002362216500230C49A362E01D6362A365ED
:10C200006365E262E26506F072F90849204606F0CD
:10C210006EF92023A37110BDC4540020689A030056
:10C220004C5500203C550020719A0300759A03007C
:10C23000F8B5184C182300FB033503FB00402544D8
:10C24000C46A012C0F4616460FD0022C1AD0F4B93E
:10C250002846FFF769FF864205D832463946284608
:10C26000FFF770FF34462046F8BD2846FFF75CFF15
:10C270008642344628BF0446224639462846FFF700
:10C2800061FFF0E72846BDE8F840FFF777BF0024DC
:10C29000E9E700BFC4540020FFF79ABF034B1868BA
:10C2A000A0F1080358425841704700BF3001001008
:10C2B000064B1B68082B06D1054B1B68032B02D8C5
:10C2C000044AD05C70470020704700BF3001001066
:10C2D000340100107C9A030008B5FFF7DFFF40B17E
:10C2E0004FF080430022C3F80C21C3F81021C3F89B
:10C2F0003825FFF7D3FF002846D04FF080525E4B21
:10C30000D2F80414C3F82015D2F80814C3F8241581
:10C31000D2F80C14C3F82815D2F81014C3F82C1551
:10C32000D2F81414C3F83015D2F81814C3F8341521
:10C33000D2F81C14C3F84015D2F82014C3F84415E1
:10C34000D2F82414C3F84815D2F82814C3F84C15B1
:10C35000D2F82C14C3F85015D2F83014C3F8541581
:10C36000D2F83414C3F86015D2F83814C3F8641541
:10C37000D2F83C14C3F86815D2F84014C3F86C1511
:10C38000D2F84424C3F87025FFF792FF10B13B4B5D
:10C390003B4A1A60FFF78CFF18B13A4BFB22C3F8F7
:10C3A0001825FFF785FF48B13749384B0A681B68E5
:10C3B00022F00F0203F00F0313430B60FFF778FF27
:10C3C00018B1334B4FF400721A60FFF767FF48B1A2
:10C3D0004FF08043D3F80024D20744BF6FF001022E
:10C3E000C3F800242B4AD2F8883043F47003C2F813
:10C3F0008830BFF34F8FBFF36F8F4FF01023D3F808
:10C400000022002A03DBD3F80432002B2FDA224B60
:10C410000122C3F80425D3F80024002AFBD04FF0F2
:10C4200010221221C2F80012D3F80024002AFBD0F7
:10C430004FF010231222C3F80422174B1A46D3F8E8
:10C4400000140029FBD00021C3F80415D2F80034F1
:10C45000002BFBD0BFF34F8F0E49104BCA6802F47C
:10C46000E0621343CB60BFF34F8F00BFFDE70C4B7F
:10C470000C4A1A6008BD00BF00C000408C56004046
:10C480004881030000F00040E40E00405802001014
:10C490004096024000ED00E000E001400400FA0593
:10C4A000142C00200090D003BFF35F8F014B0022BB
:10C4B0001A6070474C57002008B501210448FCF76A
:10C4C0006CFFBFF35F8FB0FA80F0400908BD00BF7A
:10C4D0004C570020094B98420DD00AD868B1084942
:10C4E00048F2165248F24253884214BF104618468A
:10C4F00070470449F4E748F202507047080CF00016
:10C500008408F0002023F0002DE9F041037AA4B064
:10C510000546884673BB4668B06808F049FB0423AB
:10C520008DF8083005F10C07B279044639460DF153
:10C53000090005F080FFFFF7BFFFE8B1B2790123E2
:10C540001A4402A92046CDE9007807F037FFFFF72B
:10C55000ABFFFFF7BFFF044628B901232B7220462B
:10C5600024B0BDE8F081B2790DF10901384605F03B
:10C5700062FFF4E70024F2E748F20454EFE700001A
:10C5800070B54B6886B0054698680E46144608F0AC
:10C590000FFB0590FFF790FFA8B10023CDE90153F1
:10C5A00004F10C03059A0A490093284606F1080392
:10C5B00008F04EF8FFF778FF0123237206B0BDE8BC
:10C5C0007040FFF787BF48F2045006B070BD00BF4F
:10C5D000F5C9020010B5436804469A790C3005F09D
:10C5E0002AFF0020207210BDF0B5047A4768A5B07C
:10C5F00005460E4644B900F10C01BA79304605F003
:10C600001AFF204625B0F0BDFFF756FF00B3BB79F7
:10C61000013302AA0421019305F10C0001AB07F0DC
:10C6200091FF0446FFF740FFBA79019B511C9942E4
:10C6300011D19DF80830042B0DD10DF109013046C0
:10C6400005F0F9FE204625B0BDE8F040FFF742BFF7
:10C6500048F20450D6E748F21650D3E770B52023CD
:10C6600086B0CDE9043304460E461546FFF724FF95
:10C6700090B10B4B0294CDE9004306F1080205ABE3
:10C6800004A905F1080008F0D7F9FFF70DFF06B07F
:10C69000BDE87040FFF71EBF48F2045006B070BD01
:10C6A000F5C9020008B52022083005F0C4FE0020BC
:10C6B00008BD08B50B46202200F10801184605F018
:10C6C000BAFE002008BD000070B5402386B01646B3
:10C6D0002022CDE9042304460D46FFF7EDFE90B17C
:10C6E0000B4B0294CDE9004306F1080204AB05A907
:10C6F00005F1080008F004FAFFF7D6FE06B0BDE821
:10C700007040FFF7E7BE48F2045006B070BD00BFAE
:10C71000F5C9020008B52022083005F08CFE002083
:10C7200008BD08B50B46202200F10801184605F0A7
:10C7300082FE002008BD00002DE9F04FD1F80490E2
:10C7400095B080460F460146104616461D46FFF737
:10C75000DBFE002836D199F80540DFF874A0A30766
:10C760001CBF033424F003044FF0010150460BBFFB
:10C7700002940294AB460DF10C0BFCF70EFE04463E
:10C78000BFF35F8F08BBCDF8008002AB5A4607F1BC
:10C79000080106F10C0007F0D9FF0646BFF35F8FD2
:10C7A000AB45CAF800400AD099F80520D11CC9430E
:10C7B00001F0030103AB1944284605F03CFE304666
:10C7C000FFF788FE15B0BDE8F08F48F20450F9E796
:10C7D0004C5700202DE9F043DFF850901F464B687E
:10C7E00087B05B79059380460E4648460121144682
:10C7F000FCF7D3FD0546BFF35F8FA0B920230834B3
:10C80000CDF808800193009406F1080205A9384686
:10C8100008F00EF8BFF35F8FC9F80050FFF75AFE1B
:10C8200007B0BDE8F08348F20450F9E74C57002008
:10C83000002110B50846FEF799FF044608B908F034
:10C8400061FA204610BD000008B5074B00221A60AF
:10C85000BFF35F8F08F022FA014618B9BDE808401F
:10C86000FEF784BF032008BD4C570020002844D0A9
:10C87000A0F57000A0F54060352839D8352837D8A4
:10C88000DFE800F0211E362427272A3330363636DB
:10C89000361E361E3939393636363636363636365F
:10C8A00036363636242A24271B2D362D3636363694
:10C8B00036363636212A27361E1E48F21750704764
:10C8C00048F20350704748F21350704748F2105036
:10C8D000704748F21150704748F21450704748F2C0
:10C8E0000150704748F20250704748F2715070474B
:10C8F00048F21650704748F27050704708B5012151
:10C900000448FCF74AFDBFF35F8FB0FA80F040099E
:10C9100008BD00BF4C57002013B502680C4B0191B5
:10C920009A4204460FD0FFF7E9FF70B10199201D2C
:10C9300006F012FCFFF79AFFBFF35F8F054B002252
:10C940001A6002B010BD0020FBE748F20450F8E77F
:10C950006169614D4C570020F8B50E461746051D1C
:10C960001C466BB93246B9B2284606F009FAFFF701
:10C970007DFF5CB1BFF35F8F054B00221A6005E0BD
:10C98000FFF7BCFF0028EDD148F20450F8BD00BF0E
:10C990004C57002073B50C2B04460E4601921D46E1
:10C9A0001DD8AB071ED1FFF7A9FFF0B101990434E0
:10C9B00065B93146204606F033FCFFF757FFBFF359
:10C9C0005F8F0B4B00221A6002B070BDAAB22046E6
:10C9D00006F094FCFFF74AFF0028EAD0EFE748F2A0
:10C9E0001150F1E748F21650EEE748F20450EBE739
:10C9F0004C57002008B51046FEF77BFF38B1044ABB
:10CA0000044B48F2025188420CBF1046184608BD3C
:10CA1000080CF0000F0CF00070B51C4B002501460F
:10CA20002E464FF0FF309A7C72B15A7CC2B1DA6860
:10CA30008A4205D9521ADA60904228BF104603E0B4
:10CA40001A7C5E7432B99A740135082D03F114030F
:10CA5000E9D170BDB0F5203F28BF4FF42030F3E797
:10CA60001C7C0CB99C74EFE79A680A44B2F5203F2D
:10CA70009A6024BFA2F520329A609A6824BF04F11C
:10CA8000FF341C74C2F52032D6E700BF5057002097
:10CA900010B5FFF7C1FF0446FBF7BCF90C4B18605B
:10CAA000631C14D00B4822462146FBF790F970B165
:10CAB000FDF786FB084B0949024609481B1ADB08AB
:10CAC0001B04BDE8104043F00200FEF781BB10BD1F
:10CAD00010580020F0570020FC8D03008C9A0300B2
:10CAE000648D0300024A03480021FBF765B900BFCB
:10CAF00091CA02004C9B03002DE9F04F85B002A9BA
:10CB0000054601F0E3FE80B1FDF75AFB514C524956
:10CB100002465248241AE40824042B4644F002003A
:10CB2000FEF75FFB05B0BDE8F08F4D48FBF767F9F6
:10CB3000074668B1FDF744FB464B4A490246474861
:10CB40001B1ADB081B0443F00200FEF741FBE9E778
:10CB5000454CFBF75FF92168FBF757F9FFF75CFFDE
:10CB60000646FBF757F92060404C01230825A246F2
:10CB70004FF47A784FF00009A27C002A5AD006229E
:10CB8000611C0DF10900019305F005FC019B10BB30
:10CB9000237C4FF47A629A40B2F57A4FBCBF0133DE
:10CBA000DBB24FF47A6199404FF40040C346CC4663
:10CBB000C0FB01BC00222374A26000234FF4FA6280
:10CBC0005846614605F022FB012386426374E0600B
:10CBD00028BF064600230137082F04F11404CBD1E7
:10CBE000A3B3082D28D0142404FB05A4072202A90E
:10CBF000204605F020FC4FF480339E424FF00002A7
:10CC0000C4E9022328BF1E464FF480732382012308
:10CC1000A374134832463146FBF7D9F8002881D077
:10CC2000FDF7CEFA0B4B124902460C481B1ADB08E3
:10CC30001B0488E73D46CEE70648084B0D49C01A5D
:10CC4000C008000440F00200FEF7BEFA731C3FF477
:10CC500069AFDEE7FC8D0300AA9A0300648D030030
:10CC6000F0570020F89A0300105800205057002079
:10CC70008C9A0300159B030037B56946054601F001
:10CC800025FE044680B1FDF79BFA124C124902467C
:10CC90001248241AE408240444F002002B46FEF74C
:10CCA000A0FA012003B030BD0D4DAB7C33B9013487
:10CCB000082C05F11405F8D10020F3E70622691CC1
:10CCC0000DF1010005F067FB0028F0D1687C002819
:10CCD000EDD0E7E7FC8D0300AA9A0300648D030002
:10CCE000505700206DDF704779DF70477DDF704758
:10CCF00064DF70472DE9F04F85B000250E9CBDF82C
:10CD00003CB0B4F800A00191074690461E46A946E3
:10CD10003A884A450DDC45B12388013BA3EB0A0361
:10CD20009BB2FF2B3AD806F80A30002005B0BDE8C8
:10CD3000F08F7A6852F82900039000220DF10B0160
:10CD400003A8FFF7D5FF0028F0D19DF80B2042453E
:10CD500021D12288002D14BF0020022002EB0801FF
:10CD6000014459451ADC3DB9013292B2019B22803F
:10CD7000B35422880132228022880DF10B01324403
:10CD800003A8FFF7B5FF0028D0D121889DF80B201C
:10CD90000A442280012509F10109B9E70C20C5E701
:10CDA0002DE9F341089FBDF824801546CDE90078B0
:10CDB000022204461E46FFF79DFF50B9334610225B
:10CDC00029462046CDE9087802B0BDE8F041FFF7DA
:10CDD00091BF02B0BDE8F0812DE9F04F0023178824
:10CDE000138090F82D3085B006460D46144653B397
:10CDF000082F01D80C2027E102A8FFF773FF0028B5
:10CE000040F0228123880822EA54238801339BB210
:10CE10001B222380EA542088013080B22080062221
:10CE20000DF10901284405F006FB23889DF8082030
:10CE300006339BB212F0FE0218BF01222380EA548F
:10CE4000238801332380B378FBB123880433BB42AA
:10CE5000D0D802A8FFF748FF002840F0F5802388CB
:10CE60000322EA54238801339BB219222380EA5417
:10CE70002388BDF8082001339BB2E9182380EA54C7
:10CE8000120A4A70238802332380F2789AB12388E9
:10CE9000D91CB942AED80221E954238801339BB290
:10CEA00001212380E95423880B449BB22380EA5458
:10CEB00023880B4423807268AAB12388D91CB94205
:10CEC00098D8022192F90020E954238801339BB2BB
:10CED0000A212380E954238801339BB22380EA543A
:10CEE0002388013323803389002B40F0A180338ACB
:10CEF0005BB1CDE900472B460722032106F1100064
:10CF0000FFF74EFF002840F09F80338B5BB1CDE9E7
:10CF100000472B461522142106F11800FFF740FFA9
:10CF2000002840F09180326A002A40F09080D6F8C4
:10CF30002480B8F1000F30D0B8F804302188981C54
:10CF40008A1C0244BA423FF655AFFE283FF652AF64
:10CF500003336B54238801339BB2FF222380EA54AE
:10CF6000238801339BB22380B8F80020EA54E918E3
:10CF7000120A4A702088023080B22080B8F804205B
:10CF80005AB1D8F8081000296BD0284405F053FA9C
:10CF90002388B8F804201344238096F82C30002B03
:10CFA00040F09A80307800284ED03388012B58D03A
:10CFB000228802F1020CBC453FF61CAF012805D1C6
:10CFC0007378023313449F42FFF414AF023FBF1A39
:10CFD000BFB202A905EB0C00ADF80870FFF786FEA2
:10CFE00090BB3178BDF80830022900F0BA80727821
:10CFF0009A4202D3BB4240F2B280012940F0B38092
:10D00000974293B2C0F0AF80ADF808300821BDF868
:10D010000830FE2B3FF6EEAE22880133AB54228857
:10D02000013292B22280A9542288134423800BE05B
:10D03000CDE900472B460622022106F10800FFF742
:10D04000AFFE00283FF453AF05B0BDE8F08FB4F851
:10D0500000C00CF10603BB423FF6CCAE1188052997
:10D0600001D80720F0E76FF4486E01EB0E039BB286
:10D070004FF27D3E7345F4D95388052BF1D96FF4F7
:10D080004860181880B27045EBD94FF6FF708142A6
:10D0900003D0834201D09942E3D8052305F80C3030
:10D0A000238801339BB212212380E9542388013362
:10D0B0009BB223801188E954E818090A417023883B
:10D0C00002339BB223805288EA54E918120A4A704C
:10D0D0002388023323802AE7B36A002BC1D04FF0A4
:10D0E00000094FF00C0A4FF0160B96F82C305FFA3F
:10D0F00089F293427FF656AFB16A0AFB02F201EB66
:10D100000208B8F80430981CFE283FF673AE208859
:10D1100003332B54238801339BB2238005F803B0DB
:10D12000238801339BB223808A5AEA54E918120AF1
:10D130004A702088023080B22080B8F804205AB1AA
:10D14000D8F8081000298CD0284405F074F92388F9
:10D15000B8F804201344238009F10109C5E7092127
:10D1600055E7BB42FBD9ADF808704FE730B5C8B101
:10D17000F2B10024651C8D4206DA1588A54212D84A
:10D1800005196D789D420ED1A14211D9005D48B1BB
:10D19000013880B230B10234A3B210FA84F4A14253
:10D1A00006DB138030BD055D01352C44A4B2E1E7F8
:10D1B0000020F7E713B513460022ADF806200DF165
:10D1C00006020446FFF7D2FF10B1BDF80630E018A2
:10D1D00002B010BD72DF704773DF704774DF7047B5
:10D1E00038B5012204460D46B0F81414D0F81004E6
:10D1F000FFF7E0FF00B1057004F13C0204F5826125
:10D2000004F15400BDE83840FFF7E4BF80F8301067
:10D210007047F8B504460F4600296DD000286BD042
:10D2200091F87A301BB191F89830002B66D14FF00D
:10D23000000C84F802C007F178060FCE251D0FC53B
:10D240000FCE0FC596E8070085E8070084F830C0C8
:10D25000D7F8A4306363D7F8A830A3634FF6FF75FF
:10D2600004F58263C4F82034A4F8245407226146EC
:10D2700004F2264005F008F923780BB984F85450DD
:10D2800094F82430002B14BFEE231F2304F1550122
:10D29000C4F81014A4F8143404F214423846FFF70A
:10D2A0009BFD40BB94F82430002B14BFEE231F23BA
:10D2B00004F23121C4F81814A4F81C3404F21C42FE
:10D2C00007F13C00FFF788FDA8B9A369A4F848302E
:10D2D0004FF480730125A4F850306369206401463F
:10D2E00084F83C50636404F13C0204F15400FFF7FD
:10D2F00071FF00B92570F8BD0E20FCE70720FAE7A2
:10D30000F8B5077804460D46002F00F0098100F2B9
:10D310002646817007220021304605F0B5F8E388E3
:10D3200013B1A378012B04D0E3794BB1A378022B7E
:10D3300006D1636BA3B1012284F82D2408209847FD
:10D34000334604F22C4113F8012F12B99942FAD155
:10D3500017466B1E032B57D8DFE803F0050B0F129F
:10D3600084F82D34ECE7A3791BB194F8243003B989
:10D370005FB9E3790BB1002F48D1237A002B47D155
:10D38000637A002B0CBF00250425636BA570002B6E
:10D3900040D0033D012D3DD86279002A3AD094F85F
:10D3A0002E24002A36D184F83024012284F82F2438
:10D3B0000720984704F13C0518220021284605F073
:10D3C00063F8E26A0123511E994284F83C3001D986
:10D3D000042A00D1D3B294F8242084F8513042B109
:10D3E000A36A591E012902D9042B18BF012384F80E
:10D3F0005230A178002384F8503004291BD8DFE88C
:10D4000001F0770D223559000025BEE70225BCE763
:10D410000325BAE7002384F82F34CBE7C4E910636F
:10D42000C4F820340223012284F83C30802384F89D
:10D430003120A4F84830A378002B5CD1636B002B1B
:10D440006AD1002067E00223002A84F8313014BF3B
:10D450000723032384F83C302369A4F848300023D1
:10D46000C4F82034E36826646364E4E763696364B2
:10D47000A369A4F8483012B1062384F83C306379DC
:10D48000B3B194F82E349BB994F8303483B10223AD
:10D4900084F8503004212046FFF7A2FE0028CAD1AC
:10D4A000052384F8313004F58263C4F82034C2E7E0
:10D4B0000323F6E7E3696364236AA4F8483012B1F2
:10D4C000062384F83C30637983B194F82E346BB929
:10D4D00094F8303453B1022384F8503004212046AC
:10D4E000FFF77EFE0028A6D10623DAE70423D8E75B
:10D4F00084F831309FE7D4F820142A4604F1540010
:10D50000FFF768FE38B994F8301094F85400FFF72C
:10D5100063FE002892D0F8BD94F83100984790E758
:10D520000820F8E70388112B10B50C460AD0262BEB
:10D530001FD0102B05D1C37B012B02D18388A1F80A
:10D54000243410BD0022838881F82E24B1F82424CD
:10D550009A42F6D10B79002BF3D101212046FFF737
:10D56000CFFE0028EDD0A36B002BEAD0BDE8104021
:10D570001847037A013B012BE3D889780523013151
:10D58000B1FBF3F303EB8303C91AC9B2E6E738B57D
:10D59000044690F85400FFF721FE012384F82E344E
:10D5A000002384F8303484F8503006212046FFF7F9
:10D5B00017FE054638B9A1782046FFF7A1FE10B145
:10D5C000A36B03B19847284638BD75DF704776DFF7
:10D5D00070477ADF70477BDF70470000034B1A8883
:10D5E00082420CBF18460020704700BF3058002010
:10D5F000024B9B6903B11847704700BF14580020C5
:10D6000073B585B22846FFF7E9FF044670B1164EA0
:10D61000027A337B9A420BD200F10A012846FFF7C7
:10D62000D4FFE8B1112801D0FFF7E2FF02B070BDCE
:10D6300000230372337C43B13B212846FFF7C7FF29
:10D6400030F0080301D0FFF7D3FF7369002BEDD052
:10D6500000228DF80420ADF8065001A89847E5E7B0
:10D66000237A01332372E1E71458002037B50B46C3
:10D67000497A0F4A71B9D2E901141D7A0246002D88
:10D6800018BF21465868FAF7A2FB08B1FFF7B0FFB0
:10D6900003B030BD002119725369002BF8D001226C
:10D6A000ADF806008DF8042001A89847F0E700BF08
:10D6B000145800204B8802889A4213D842889A4214
:10D6C00010D380888A8840F2F313984294BF031ADB
:10D6D000C31A934206D800F2F310904234BF0020E0
:10D6E00001207047002070470388122B70B5014657
:10D6F00059D004D8102B1ED0112B44D070BD502B04
:10D70000FCD12F4BC288DB899A42F7D1038A022BC6
:10D71000F4D186883046FFF761FF05460028EDD03A
:10D7200001F1120000F01FFA38BB6868FAF767FBD6
:10D730000028E3D009E0C37B012BDFD14FF6FF7057
:10D74000FFF74CFF054620B90420BDE87040FFF705
:10D750004FBF1C4A8E880680002303721368C0F8EE
:10D760000A305368C0F80E3010310A30FFF7A2FFBC
:10D77000134B6872DB89002BC0D129463046BDE8C7
:10D780007040FFF773BF8088FFF728FF044600282A
:10D79000B4D04068FAF733FB08B1FFF729FF4FF622
:10D7A000FF732380AAE786883046FFF717FF0546F8
:10D7B0000028A3D008310A30FFF77CFF6872DCE74D
:10D7C0001458002044580020F8B5064648B30546D2
:10D7D0000FCD154F3C460FC495E8070084E80700BD
:10D7E0003068124C3C60B0B1FFF7F3FEC0B932684C
:10D7F00013682360536863600D480E4A4FF6FF7349
:10D8000003800D4B40F8043F0021FAF7D5FA0028B9
:10D8100018BF032004E02046FFF7DDFE0028EBD010
:10D82000F8BD0E20FCE700BF14580020445800202B
:10D830003058002001D6020050580020F7B5174696
:10D8400001900E4691B1019C6CB100252C462946F1
:10D8500001A8FBF76CFD18B13946A8B2B0470134F6
:10D860000135142DF3D1204603B0F0BD0C46FAE784
:10D870000AB1FBF73BBDFBF750BD73B50191019CAD
:10D8800006466CB100252C46294601A8FBF74FFD42
:10D8900018B106EB440301349D800135142DF3D1FA
:10D8A0003046346002B070BD2DE9F04703888488AB
:10D8B000103B8CB005460A2B1FD8DFE803F0063F6B
:10D8C0001E1E1E1E1E1E1E604400314EB368DB432A
:10D8D000009371686846FBF78FFD009901A8FFF778
:10D8E000CCFF0DF108094FF00008019B984507D3C4
:10D8F000132C13D90420FAF76BF90CB0BDE8F087AC
:10D9000039F802AB00270137514606EB8700FBF7D9
:10D9100004FD1E2FF7D108F10108E6E71D48214656
:10D92000FBF7E4FC1C482146FBF7E0FCEB7B022BF9
:10D93000E3D11A482146FBF7D9FCDEE7154821461A
:10D94000FBF7EBFCD9E7027A15483F2A4FEA12159C
:10D95000214694BF00220122FFF78AFF022D94BFC7
:10D96000002201220F482146FFF782FF012D0E48B9
:10D9700094BF002201222146FFF77AFFBDE7037A18
:10D98000002BBAD1427A0648C2F3C0022146F3E71F
:10D990007058002078580020745800207C580020CF
:10D9A0008858002084580020805800201328014601
:10D9B00002D80248FBF7BBBC002070477458002017
:10D9C00007B50190FFF7F2FF019930B10448FBF76A
:10D9D000AEFC002814BF0220012003B05DF804FB58
:10D9E0007C58002007B50190FFF7E0FF019930B1A6
:10D9F0000448FBF79CFC002814BF0220012003B060
:10DA00005DF804FB7858002007B50190FFF7CEFFC2
:10DA1000019928B1044803B05DF804EBFBF787BC1B
:10DA200003B05DF804FB00BF8058002007B50190EB
:10DA3000FFF7BCFF019928B1044803B05DF804EB7F
:10DA4000FBF775BC03B05DF804FB00BF84580020F1
:10DA500007B50190FFF7AAFF019928B1044803B068
:10DA60005DF804EBFBF763BC03B05DF804FB00BF9B
:10DA70008858002010B5034B04465968FFF7FDFE97
:10DA8000204610BD7058002008B518210248FBF749
:10DA900057FCC0B208BD00BF7058002070B50A4ED8
:10DAA000054630460C46FBF742FC58B12846FFF7C6
:10DAB0007DFF38B10734294606EB8400BDE870408D
:10DAC000FBF735BC002070BD70580020F8B50B4F37
:10DAD000054638460C461646FBF729FC60B1284639
:10DAE000FFF764FF40B107343246294607EB840054
:10DAF000BDE8F840FFF7BCBEF8BD00BF705800207D
:10DB000073B50B4D019204460E4601462846FBF7BD
:10DB10000EFC50B1063405EB8404019A606831466E
:10DB200002B0BDE87040FFF789BE02B070BD00BF13
:10DB300070580020AADF7047ABDF70470023013820
:10DB40000B70042806D8DFE800F00306080A0C0072
:10DB500011230B7070472123FBE73123F9E71223D0
:10DB6000F7E72223F5E7007800F0010070470B7813
:10DB700003704B7843700220704738B5044608465E
:10DB80000D4604F0D6FC6560208038BDF0B58B787A
:10DB900091B0012B0C4638BF01238DF80E3005469D
:10DBA0000B88ADF80C30002116466846032204F0BD
:10DBB0006BFC607C6946FFF7C1FFA07C0DF10101A1
:10DBC000FFF7BCFFE27B237B217D43EAC203227C7B
:10DBD00043EA02139DF80220002922F0190203F003
:10DBE000190314BF02210121134361F342031C22D4
:10DBF000002109A88DF8023004F046FC637B13F085
:10DC0000300F15D002AF03220021384604F03CFC4F
:10DC1000E07C0DF10901FFF791FF11238DF8083029
:10DC20009DF80A300E97012262F342038DF80A3004
:10DC3000637B8DF824301422A37B8DF825300021DE
:10DC400004A804F021FC03AB0493A388ADF81C30B6
:10DC5000A368CDF814D01BB1E288ADF81820089362
:10DC6000A369002B31D001AF03220021384604F014
:10DC70000BFCA3691A88ADF82C205A88ADF82E2029
:10DC80005A680D97187B0A923946FFF757FFA36928
:10DC90000DF10501587BFFF751FFA269917A137AC4
:10DCA00043EAC103D17A927B43EA01139DF806103F
:10DCB000002A03F0190321F0190114BF02220122E6
:10DCC0000B4362F342038DF80630E36903B10C9312
:10DCD000334604AA09A92846FFF72CFF11B0F0BD6E
:10DCE000F0B50C4689B0054616460021142203A85B
:10DCF00004F0CAFBA378A079012B38BF01238DF86B
:10DD00000A3001AF2388ADF80830394602AB0393DF
:10DD1000FFF714FFE0790DF10501FFF70FFFE2783F
:10DD20006379217A049743EAC203227943EA021312
:10DD30009DF80620002922F0190203F0190314BFF0
:10DD400002210121134361F342038DF806306389F8
:10DD5000ADF81430A389ADF81630E389ADF818306A
:10DD600032462369079303A92846FFF7E5FE09B069
:10DD7000F0BDA0DF7047A1DF7047ADDF7047B3DFB4
:10DD80007047B4DF704710B50446408800F08CFD42
:10DD9000A0802046BDE8104002F038B830B587B00A
:10DDA00005460C461422002101A804F06DFB072350
:10DDB00001A88DF80430ADF806500394FFF7E3FF97
:10DDC00007B030BD70B586B005461422002101A809
:10DDD00004F05AFB4FF6FF739D42ADF806503FD05A
:10DDE000284600F051FC1128044633D016D8D8B18B
:10DDF0000B2820D02046FCF7E3F91A4E1A490246B8
:10DE00001A48361AF608360446F001002B46FDF78C
:10DE1000E8F921462846FFF7C1FF03E043F2020379
:10DE20009842E7D1002216E00E238DF8043001A8B5
:10DE3000FFF7A9FFF6E70F238DF8043009480B4BD5
:10DE40000B49C01AC00800042A4640F00200FDF742
:10DE5000BFF9ECE70122074B28461978FFF736FE99
:10DE600006B070BD048E0300D09B0300648D0300D8
:10DE7000509B0300F3580020FFF7A4BF024B034957
:10DE800018780022FFF73CBEF558002091DE020012
:10DE90002DE9F047464D88B029780446FFF7FEFD8E
:10DEA000A846064600287CD1204600F051FC0828F0
:10DEB000054632D016D808B306285BD02846FCF7B2
:10DEC0007FF93C4F3C4902463C483F1AFF083F045B
:10DED00047F001002346FDF784F929462046FFF765
:10DEE0005DFF09E043F20203984205D043F201438B
:10DEF000984259D01128E1D1012546E0314614223B
:10DF000003A804F0C1FA102303A88DF80C30ADF873
:10DF10000E400126FFF737FFEEE70DF10600FFF791
:10DF20002EFF354601274FF0020A0DF10809BDF812
:10DF30000630BB421ED9002249463846CDE903A926
:10DF4000FFF71FFFB0B9BDF808303DB942F605250F
:10DF50005B1B5D425D410137BFB2E8E742F602124A
:10DF60009342F8D101AB03AA394620460493FFF748
:10DF700004FF30B1204600F097FC00F015FC0025AE
:10DF800003E0BDF80430002BF4D00D4B2A4619787D
:10DF90002046FFF79BFD98F8001032462046FFF719
:10DFA00095FD08B0BDE8F0872046FFF70BFFA3E71B
:10DFB000F6580020048E0300219C0300648D0300AA
:10DFC000F558002013B5044600F06EFC00236A46A5
:10DFD000092101F0E9FA052805D1044B012219783D
:10DFE0002046FFF773FD02B010BD00BFF1580020BE
:10DFF00008B5084B084918780022FFF781FD024652
:10E0000030B9064B06491878BDE80840FFF778BDDF
:10E0100008BD00BFF45800206DE00200F158002058
:10E0200025E0020037B5044604220021684604F0CA
:10E030002BFA42F6A623ADF800300A4B186801907F
:10E04000012501AA694620468DF80250FFF791FE8E
:10E0500028B9054B2A4619782046FFF737FD03B04B
:10E0600030BD00BF5E9E0300F058002070B5012156
:10E0700086B006462A48FBF790F90446BFF35F8F47
:10E08000002849D1304600F0A3FA862805461ED064
:10E0900017D8A8B3112841D02846FCF791F8214C95
:10E0A000214902462148241AE408240444F00100CE
:10E0B0003346FDF796F829463046FFF76FFE0024F9
:10E0C00003E043F202039842E6D122461AE02146D9
:10E0D000142201A804F0D8F906238DF80430114861
:10E0E000124B1349ADF80660C01AC008000432464E
:10E0F00040F00200FDF76CF801A8FFF744FEE4E7EA
:10E10000012402460B4B30461978FFF7DFFC1CB99F
:10E11000BFF35F8F024B1C6006B070BD0122F1E7B8
:10E12000EC580020048E0300969C0300648D0300CD
:10E13000619C0300F458002038B503780446A3B965
:10E140004088FFF73FFE6588284600F0EFFA28B1C7
:10E15000064B012219782846FFF7B8FC6088FFF7C4
:10E1600031FFBDE83840FFF743BF38BDF558002008
:10E1700037B50378082B044630D1427A72BB057A52
:10E18000072D1BD0082D2DD0012D27D180886A4660
:10E19000294601F08FFC08BB019B1B78F3B1A088D6
:10E1A00000F0B0FB4FF6FF73984217D0114B2A4690
:10E1B0001978FFF78BFCFFF761FE0FE0808800F015
:10E1C000A1FB4FF6FF739842044607D00A4B012289
:10E1D0001978FFF77BFC2046FFF7F4FEFFF708FFF6
:10E1E00003B030BD054B19680129F7D1BFF35F8F2C
:10E1F0001A60F3E7F5580020F4580020EC5800208E
:10E200002DE9F843FFF740FCDFF8B090DFF8B0806D
:10E2100089F80000FFF738FC88F80000FFF734FCAD
:10E220001D4F1E4E3870FFF72FFC3070FFF72CFC8F
:10E230001B4D1C4C2870FFF727FC2070FFF724FCB7
:10E24000194B187099F80030182B11D098F800303D
:10E25000182B0DD03B78182B0AD03378182B07D009
:10E260002B78182B04D02378182B01D018280CD128
:10E270000E4B0F480F49C01AC008000440F00100BF
:10E28000FCF7A2FF0320BDE8F8830B4B00201860C9
:10E29000BFF35F8FF7E700BFF5580020F658002066
:10E2A000F1580020F0580020F2580020648D03003F
:10E2B000048E0300D39C0300EC580020F458002087
:10E2C000F358002073B50123ADF8003009238DF811
:10E2D0000230144B002422460E461978CDF8034034
:10E2E00005468DF80740FFF7F1FB0F4B0F49284615
:10E2F000A64218BF1946019100F0D6FA2246694697
:10E3000001F0BEF960B1FBF75BFF094B094902461A
:10E3100009481B1ADB081B0443F00200FCF758FFF6
:10E3200002B070BDF1580020689E0300649E030097
:10E33000048E0300429D0300648D030070B50388C2
:10E340008488502B86B0054638D00ED8352B48D05F
:10E35000362B00F08C80584B584918780022FFF774
:10E36000CFFBFFF78BFD06B070BD522B22D0542B94
:10E37000F1D11422002101A804F086F811232046CF
:10E380008DF80430ADF8064000F08EFAADF80800C4
:10E3900000F00AFA4A4B204619780022FFF796FB54
:10E3A000484B204619780022FFF790FB01A8FFF7A1
:10E3B000EAFCD0E72046FFF705FDCCE7037B012B05
:10E3C000C9D1827A012AC6D1018942F60213994243
:10E3D000C1D13D4B20461978FFF778FBFFF708FEC7
:10E3E000B9E73A4E20463178FFF758FB0028B2D003
:10E3F000002231782046FFF769FBEA88B2F5857F75
:10E400000AD072B13248334BC01AC00800043249F6
:10E4100040F00200FCF7DCFE00212046FFF752FF2F
:10E4200099E76A89012A09D029482A4B2B49C01A41
:10E43000C008000440F00200FCF7CAFEAE89012EBD
:10E4400007D02348234BC01AC00800043246244991
:10E45000DEE7E98900222046FFF78DFC0028DBD1AA
:10E46000204B324619782046FFF730FB73E71D4EEC
:10E4700020463178FFF712FB00283FF46CAF31786B
:10E4800000222046FFF722FBEE8836B11048114BE0
:10E49000C01AC00800043246B9E7EA89012A05D04B
:10E4A0000B480C4BC01AC0080004D0E7297C003987
:10E4B00018BF0121B1E700BFF358002079DE020048
:10E4C000F6580020F5580020F4580020F05800209D
:10E4D000048E0300648D03009F9D0300D99D0300FB
:10E4E000139E0300F2580020AFDF7047B1DF704782
:10E4F000B2DF7047B3DF704710B50446808800F084
:10E5000001FA60802046BDE8104001F081BC0000A7
:10E51000F0B5204B204E93E8030089B001AD85E8AB
:10E5200003004FF6FF773088B84217D00022294603
:10E5300001F0A6F8044638B31422002103A803F022
:10E54000A3FF3388ADF81030112C07D0862C07D1EB
:10E5500006238DF80C3003A8FFF7CEFF09B0F0BDFD
:10E560002046FBF72DFE0D4D33880D4902460D4820
:10E570002D1AED082D0445F00100FCF732FE0723AB
:10E580008DF80C300594E6E7308801F0E6F830802D
:10E59000C9E700BF18A00300F85800200C8E030044
:10E5A0006C9E0300648D0300044B1A884FF6FF73C2
:10E5B0009A4201D0FFF7ACBF704700BFF858002067
:10E5C000024B4FF6FF721A8000207047F858002067
:10E5D0002DE9F347804600F067F94FF6FF73984244
:10E5E000074648D0254E264BDFF898A0F61AF608C5
:10E5F000360446F001064FF001094A466B460821F1
:10E60000384601F05BFA09F101091FFA89F905465C
:10E6100060BB01990A46032342F8043B0631404699
:10E62000FFF766FF044648B93A460821384601F02C
:10E6300009FB0446204602B0BDE8F0870C2813D041
:10E64000052800D12C460821384601F0A9FA40B12E
:10E65000FBF7B6FD3A46034651463046FCF7C1FD8E
:10E660000324002DC9D1E5E70125ECE7072814BFF5
:10E6700004460C24DEE743F20204DBE70C8E0300C1
:10E68000648D0300C19E03002DE9F341054600F0AF
:10E690000BF94FF6FF73984222D100240326274638
:10E6A0004FF001083346224639462846FFF71EFF41
:10E6B00004282BD0082830D00B2828D116F00203CC
:10E6C00019D1E7B9FCB91648164B17491B1ADB08D4
:10E6D0001B042A4643F00100FCF77AFD0B2019E0E9
:10E6E0006A46082101F0E6F90028D6D1019B9C88F2
:10E6F0001E689F1DD4E701264FF00008D2E70326CD
:10E700001C461F46F8E703263C46F5E71120B8F102
:10E71000000FE3D002B0BDE8F0810020F7E700BFB2
:10E72000648D03000C8E0300409F03001FB50DF1A4
:10E730000703039300F0B8F802AA012101F0BAF927
:10E7400020B9039B187805B05DF804FB0020FAE7B8
:10E7500070B505461048FFF7CDFE70B90E4C43F278
:10E76000030621884FF6FF722846FFF7BDFEB04230
:10E7700011D1238801332380F3E7FBF721FD074BF9
:10E780000749024607481B1ADB081B0443F0010037
:10E79000FCF71EFD032070BDFA5800200C8E03000C
:10E7A000B89F0300648D030013B5074A044692E83E
:10E7B00003006B4683E8030000221946204600F060
:10E7C0005FFF02B010BD00BF20A0030046DF70470E
:10E7D000421E00F10F0312F8010F10B99A42FAD14C
:10E7E00070470120704708B570B171B103780A789D
:10E7F000534013F0FE0F08D106220131013003F01F
:10E80000CAFDB0FA80F0400908BD0020FCE72DE900
:10E81000F04700F101084F1C06460D4600F11109B2
:10E8200001F1110A10223946404603F0B4FD0446B6
:10E83000D0B94046FFF7CCFF18B13846FFF7C8FF04
:10E84000044651464846FFF7CEFF737C03F0FC03B5
:10E85000042B05D06B7C03F0FC03042B18BF04468B
:10E8600004F00100BDE8F0870024EAE730B585B088
:10E8700004460D4600F0CEFE02AA0DF10601072067
:10E8800000F0D0FE10B94FF6FF700BE0BDF8063077
:10E89000AB42F1D003992046FFF7B9FF0028EBD037
:10E8A000BDF8060005B030BD132810B5044602D9E6
:10E8B0004FF6FF7010BDFFF779F80028F8D00A2056
:10E8C000014B4443185BF5E7FC580020132838B58A
:10E8D00004460D4602D943F2020038BDFFF766F840
:10E8E0000028F8D006480A2303FB040050F8023F32
:10E8F0002B608388AB808379AB710020EDE700BF8C
:10E90000FC5800204FF6FF7398422DE9F041054670
:10E910000CD00C4F00244FF00A0808FB04F3A6B2F9
:10E92000DB5BAB4205D00134142CF6D14FF6FF76F9
:10E9300004E03046FFF73AF80028F4D03046BDE84E
:10E94000F08100BFFC580020038843B9821C00F10D
:10E950000A0312F8010B10B99A42FAD1704701204C
:10E96000704710B50446FFF7EFFF58B122880B88B7
:10E970009A4208D108220231A01C03F00CFDB0FA23
:10E9800080F0400910BD0020FCE71FB5044600F0F0
:10E9900041FE02AA0DF10601072000F043FE10B966
:10E9A0004FF6FF7007E0039920464631FFF7D9FF85
:10E9B00018B1BDF8060004B010BD039920462A31F5
:10E9C000FFF7CFFF0028E4D0F3E7000013289FBF34
:10E9D0000A235843014B1952704700BFFC580020CE
:10E9E00038B50546FFF78EFF0446284601F0E2F8E9
:10E9F00038B9132C05D80A235C43024B4FF6FF723B
:10EA00001A5338BDFC58002070B58CB014466A46C5
:10EA10000D4600F11003164613F8011D02F8011B04
:10EA20009842F9D10D22002104A803F02DFD2B7886
:10EA30008DF81F306B788DF81E303046AB788DF82E
:10EA40001D30FFF7C3FE9DF82F3023709DF82E3048
:10EA500063709DF82D30A3700CB070BD30B5037895
:10EA600003F0FE03042B85B004460D4618D1411C6B
:10EA7000032201A803F0DFFC0322211D03A803F0F9
:10EA8000DAFC02AA03A92846FFF7BEFF032202A967
:10EA900001A803F080FCB0FA80F0400905B030BD59
:10EAA0000020FBE730B50388102B93B04ED1041D36
:10EAB0000FCC07AD0FC50FCC0FC594E807009DF82C
:10EAC000203003F0FE03062B85E8070009D000F094
:10EAD000A1FD9DF82030032B4FEA530204D9022AEE
:10EAE0003DD04FF6FF7310E002AA0DF1060107209A
:10EAF00000F098FD0028F4D0039908A81131FFF721
:10EB000072FE0028F0D0BDF80630BDF81C40184851
:10EB10000A226243811883529DF8262008980A72BF
:10EB20004FF6FF72C1F802009342BDF82400C8807E
:10EB30000CD0ADF80C3002A80023ADF80A408DF8D7
:10EB4000083001F067F902A8FFF7F6FA13B030BDFC
:10EB5000039908A80131FFF781FF0028D3D102AA49
:10EB60000DF10601072000F05DFD0028F0D1B8E7A7
:10EB7000FC58002090DF7047A5DF7047B5DF704775
:10EB80007FB51E4B1E4CE41AE40824040E460346CF
:10EB90000A4605461B4944F00400FCF722FB00230B
:10EBA0006A4602A92846ADF80860ADF80A600393EA
:10EBB0000093ADF80430FFF7DDFF0646D8B1FBF750
:10EBC000FFFA44F0010403460F492A462046FCF7A9
:10EBD00008FBBDF80020BDF8023052EA030103D063
:10EBE0000A492046FCF7FDFABDF804201AB108498D
:10EBF0002046FCF7EDFA304604B070BD648D03008A
:10EC0000C48D030040A003006FA00300B9A003005F
:10EC1000F8A0030080B14FF0F7130360FB230371EA
:10EC2000F723C3801723038141F6FB3200230161E0
:10EC300043818281184670470E2070472DE9F047C6
:10EC4000868886B005460C4626BB0388242B00F038
:10EC5000CD8022D8112B00F09B80232B00F0FC806C
:10EC6000102B59D0A37AABB1E1880020FFF784FFC5
:10EC70000346002840F0038189488A4D8A492D1AAD
:10EC8000ED084FF480722D04628145F00400E288A3
:10EC9000FCF7A7FA06B0BDE8F0873A2B00F08180B8
:10ECA000552BDFD17E4B7F4DC7888049ED1AED088B
:10ECB0002D0445F004003B4632460390FCF791FAE0
:10ECC000E3887B490398A672172F3A4638BF17226C
:10ECD0009A4228BF1A4622810096FCF78CFAE188F6
:10ECE0003046FFF74BFF38B1FBF76AFA714902462D
:10ECF00045F00100FCF76CFAE37A002BB2D12369EE
:10ED0000002BAFD040F6772204922289ADF8142070
:10ED100004A920469847A5E70B790B73C37B012B09
:10ED200020D0022B21D0E2882389934212D25C4B5F
:10ED30005C4D6149ED1AED082D0445F0040630469E
:10ED40000023FCF74EFAE1880020FFF715FF70B9A9
:10ED50000123E372217B637B8B4283D20020FFF788
:10ED60000FFF7FE70B88E380DDE74B88FBE7112887
:10ED700007D101235149A37200223046FCF728FA3B
:10ED8000E8E7FBF71DFA4E49024645F00100F5E7BA
:10ED9000F723CB8017230B8141F6FB334E818B8108
:10EDA00060E74289CB883F489A4228BF1A463C4BCD
:10EDB000C01A172A4FEAD00038BF172200040A8170
:10EDC0003346404940F00400FCF70BFA236953B185
:10EDD000E27A42B140F6772204922289ADF81420FB
:10EDE00004A920469847002363813BE7B0F80890C8
:10EDF000B0F80AA08789B0F80E80027A284B29481B
:10EE00004A73C01AC0080004334640F004002E497B
:10EE10000390FCF7E6F92D4903985246FCF7D8F920
:10EE20002B4903984A46FCF7D3F92A4903984246EE
:10EE3000FCF7CEF9284903983A46FCF7C9F923694B
:10EE4000002B3FF40FAF4DF67A220492627B8DF8CF
:10EE500015608DF814205BE7077A114B11481F49A4
:10EE6000C01AC008000440F004003B463246FCF7DC
:10EE7000B8F9217BA888B94228BF39466FE7112825
:10EE80003FF408AFFBF79CF9064B0D4902460448D6
:10EE90001B1ADB081B0443F00100FCF799F9F9E6A3
:10EEA000648D0300C48D0300A1A3030049A20300E5
:10EEB00083A20300C2A203004EA103008BA10300A2
:10EEC000DDA103000EA20300F1A2030020A30300B2
:10EED00032A3030044A3030054A3030064A303006C
:10EEE00081DF704784DF7047F7B5204B93F881339B
:10EEF00040270197002B36D11D4A1E4E13703370E8
:10EF00001D4D1E4B1E49ED1AED082D0445F0040061
:10EF1000FCF75AF91B4B1C4A1C491D48FCF714FB13
:10EF2000044640B11B49024645F00100FCF750F988
:10EF3000204603B0F0BD1849124801AAFCF760FB57
:10EF4000044610B115490246EEE7134A0F483B4606
:10EF50001146FCF777FB044610B111490246E3E77E
:10EF600001233370E4E71124E2E700BF30610020A1
:10EF7000E8600020C4600020CC8D0300648D030095
:10EF8000F3A30300EC670020B4640020809A030020
:10EF9000785D00200BA40300F060002043A4030070
:10EFA0007BA4030013B54FF461720021134803F0F2
:10EFB0006BFAFCF7B1FB124B124A9B1ADB081B04DD
:10EFC000044690B943F004000F490190FCF7FCF8A7
:10EFD0000E490198FCF7F8F80D4B1C700D4B1C7096
:10EFE00002B0BDE81040FFF77FBF02460A4943F078
:10EFF0000100FCF7EDF8204602B010BD30610020A2
:10F00000CC8D0300648D0300DAA40300F2A4030096
:10F01000C4590020C4600020B3A40300084B10B5FD
:10F020001C785CB90748084B08491B1ADB081B040D
:10F0300043F00100FCF7C8F8204610BD0448FCE787
:10F04000C4600020648D0300CC8D03000CA5030078
:10F05000F060002030B5244B1B7885B0002B41D1E7
:10F06000224C94F8800350B3214B1B782025039544
:10F07000002B35D094F881331BB303AB00931D49AB
:10F080001D4B1E482246FCF7FFFAD0B91A4A1C480D
:10F090002B461146FCF7D6FA70B91A4B1A481B4991
:10F0A000C01AC008000440F003000022FCF790F8EA
:10F0B00011490020FFF714FF0023A4F8803305B0A6
:10F0C00030BD104B10481249C01AC008000440F06F
:10F0D0000200FCF779F820210748FCF707FCDBE782
:10F0E0000320E9E70320EAE7C4590020306100204B
:10F0F000C4600020B4640020C8600020EC590020E7
:10F10000809A0300648D0300CC8D03004EA503009C
:10F1100085A503002DE9F04103888788112B92B063
:10F12000054604D0182B0BD012B0BDE8F081324B4D
:10F130004FF4617000FB07300023A0F88033F3E741
:10F140002E4B2F4C2F49E41AE408240444F0040009
:10F15000FCF73AF82B7BDB071AD52B4B2B491B7896
:10F16000002B2B4B1A6808BF002122B138460191B1
:10F170009047019902463846FFF7B4FE024638B17F
:10F18000244944F00100FCF723F8234B01221A70B4
:10F19000A9682248402302AAFCF754FA064648B15F
:10F1A00002461F4944F00100FCF712F81A4B0122F5
:10F1B0001A70B9E7DFF8408018484FF4617505FB15
:10F1C000078502AA40232946FCF7F6F9024670B1EA
:10F1D000144944F00100FBF7FBFF85F881634FF40D
:10F1E000617000FB0780012380F880339CE70123D6
:10F1F00085F88133F3E700BF30610020648D0300A0
:10F20000CC8D030060990300E8600020C559002000
:10F21000EC600020B7A50300C4590020809A0300C9
:10F220007BA40300EBA50300B0DF704766DF7047E7
:10F2300010B5002104464088FFF7F8FF034608B9DF
:10F24000237210BD112801D10123F9E76368BDE8DD
:10F250001040184760B159B10378DE2B0AD00B6813
:10F260004360DE2303704FF6FF7343800020704736
:10F270000E2070470820704728B10378DE2B04D198
:10F280004180002070470E20704708207047F0B57D
:10F29000054685B00C46F1B1E8B10B78DE2B1AD1EA
:10F2A00082884B889A4204D10B7A13B10846FFF743
:10F2B000BFFF2B88112B32D0512B0ED0012B0AD13E
:10F2C0002B7A012B07D1A9886288914203D123723E
:10F2D0002046FFF7ADFF05B0F0BDAE886388B342AE
:10F2E000F9D1AF79022FF6D1AD7B2B1F022BF2D8CB
:10F2F00000211022684603F0C7F8052D14BF4FF413
:10F30000C0730023694630468DF80070ADF80430B4
:10F31000FFF78AFF0028DED063689847DBE7638841
:10F32000AA889A4204BF4FF6FF736380D3E701288F
:10F3300004D0043805288CBF0020012070474FF608
:10F34000FF73438000F0E4BA2DE9F041274F8AB003
:10F35000002108226846397003F096F84FF6FF70D6
:10F3600000F024FD4FF6FF78044648F20966444554
:10F3700013D0A4F58045ADB26A4602A92846F9F734
:10F3800077FEB0420CD02846F9F70AFE48F2076330
:10F39000984206460CD101233B700AB0BDE8F081CB
:10F3A000204600F0A5FC204600F000FD0446DEE704
:10F3B000002EF2D00E480F4D0F492D1AED082D04E6
:10F3C0002346324645F00100FBF70BFF14220021D3
:10F3D0000DEB020003F058F8072305A88DF8143050
:10F3E000ADF818400796FFF7AAFFD6E7746B002028
:10F3F000648D03002C8E030032A6030070B5044612
:10F4000086B014263246002101A803F03DF8A089F9
:10F410002378304D00F5804080B2042BADF8080011
:10F420003DD008D85A1E022A12D92B780BB1FFF70B
:10F430008BFF06B070BD052BF7D16368002B44D15C
:10F4400013238DF804304FF6FF73ADF808301DE03C
:10F4500043F6FE76B042E18904D901F5804292B2CA
:10F46000B242E2D8DA1E534253418DF80D30A36800
:10F47000049363688DF80C1063B908238DF8043089
:10F480009DF8143043F001038DF8143001A8FFF704
:10F4900056FFCAE709228DF804200593F6E743F6E4
:10F4A000FE739842C1D8E389002BBED163683BB993
:10F4B0000A238DF8043000F01BFC01232B70E5E7D4
:10F4C0000B228DF804200393F7E78DF80460039373
:10F4D000B9E700BF746B002073B504460D461646AD
:10F4E00000210822684602F0CFFFA5F58041A4F56F
:10F4F00080406B46324689B280B2F9F79FFD002802
:10F5000018BF052002B070BD30B5224889B0F9F7A8
:10F51000C9FB70B1204A214B21499B1ADB081B040F
:10F52000024643F00100FBF753FE0324204609B0D6
:10F5300030BDF9F7CDFB044660B1174B17481949A8
:10F54000C01AC0080004224640F00100FBF740FE4C
:10F550008624EBE700F0ACFB0822214603A802F06A
:10F5600093FF03AA05A94CF20700F9F774FD0028E0
:10F57000DCD101A905A8F9F7BDFC019B9D8805F523
:10F580008045ADB205A8F9F7DBFC284600F098FBF2
:10F59000E7E700BFFDF30200648D03002C8E03003B
:10F5A0007EA60300C0A60300F0B5FF2887B004467E
:10F5B0000E4615461F462BD80846FFF7B8FE38B34F
:10F5C00003AA2046FFF788FF18B10524204607B09C
:10F5D000F0BD01A903A8F9F78DFC04460028F4D179
:10F5E000019BAE705E8802992E8027B9696003A8DE
:10F5F000F9F7A6FCEAE73F686868B600B74228BF9B
:10F6000037463A4602F017FFBE42F0D90C24DDE738
:10F610000724DBE702480822002102F035BF00BFC3
:10F620006C6B0020F0B587B006460F461546FFF715
:10F630007EFE0446F8B1A6F58040104A03A980B2C8
:10F64000F9F709FD18B10024204607B0F0BD01A963
:10F6500003A8F9F74FFC0028F5D1019BAE705A883A
:10F660009B882A8003F58043029A6A6003A83B8046
:10F67000F9F766FCE8E70124E6E700BF6C6B0020C1
:10F6800070B5FF2886B006460B4615464AD88978DD
:10F690000846FFF74CFE002844D0A6F58042ADF89E
:10F6A0000020A1F58042ADF802205A6801921B8823
:10F6B000029303AA3046FFF70FFF0528694603A807
:10F6C00012D1F9F761FC0446A8B1A0F50643023B4C
:10F6D0000B2B19D80B2B17D8DFE803F014161616CE
:10F6E0000926161616161626F9F752FCEBE786249D
:10F6F000204606B070BD002DFAD0294603A8F9F7C0
:10F70000C4FCF5E71024F3E70848094D09492D1A10
:10F71000ED082D042246334645F00100FBF761FD5C
:10F720000324E5E70724E3E71124E1E7648D030000
:10F730002C8E0300FEA603004FF6FF7000F0C0BA47
:10F74000FF2808B505D800F0C1FAFFF7FDFD00203D
:10F7500008BD0720FCE700F0E1BA00F00DBB00F0A7
:10F7600025BB00000A68084B70B50C25032A01D997
:10F77000002006E005FB02F4E65A864202D10A6048
:10F78000181970BD0132F1E7CC6C002037B50023A9
:10F790000D460446019301A9FFF7E4FF38B18378D1
:10F7A000AB4206D1837A9B0703D143680BB903B000
:10F7B00030BD019B0133019301A92046ECE710B550
:10F7C000044600F0D7FC204601F0E8FE2046FEF794
:10F7D000EBFE2046BDE81040FEF7CABC70B50E4EE9
:10F7E00004460025237AAB420DD84FF6FF732380E1
:10F7F000A370002363604FF47F432381A37A23F037
:10F800000303A37270BD617A2944C9B2304601F086
:10F81000A2F80135E6E700BFBC6C002037B5002335
:10F82000CDE90033417A83788DF8023004463248BE
:10F8300001F078F860B93148314B627A3149C01A29
:10F84000C008000440F00100FBF7C2FC032046E0C2
:10F85000237AA2788DF8022003EB83039B00ADF896
:10F860000030531E0190072B08D8DFE803F0220771
:10F870000707072204241423ADF800302246694606
:10F8800032F8040BFFF7FCFE11282AD017D810B36A
:10F89000072824D0FAF794FC184D23881A49024609
:10F8A00017482D1AED082D0445F00100FBF799FCCF
:10F8B000CCE70123E0E7838809339B08DCE786284F
:10F8C000E8D1A37A23F0030343F00103A3720F4BA3
:10F8D00001221A7003E0A37A23F00303A37203B09A
:10F8E00030BDA37A23F0030343F00203A372074B56
:10F8F00001221A700020F2E7BC6C0020248E030065
:10F90000648D030065A70300A5A70300B86C002061
:10F910002DE9F0473E4FC16886B005463A460023C0
:10F920003E46506881421BD10C2000FB03602B78BF
:10F93000DFF8EC80092B1AD0132B4AD0082B4AD1C0
:10F940006C7A002C47D1002847D0FFF747FF2846A4
:10F95000FFF735FF98F800308BB906B0BDE8F087A7
:10F960000133042B02F10C02DBD10020DFE76C7ABB
:10F970008CBB90B3837A446043F00203837200250A
:10F9800088F800504FF00C094FF0010A09FB05639D
:10F990009B7A9907C3F3400201D4DB0732D588F87C
:10F9A00000A002B974B33846FFF738FF50B34FF6E2
:10F9B000FF72ADF806200C2255438628725BADF825
:10F9C00008200CD106238DF8043001A8FFF7F7FEBC
:10F9D000C3E70124BBE70024B9E70446B7E70722E1
:10F9E0008DF804200390FAF7EBFB0A4C735B0A498D
:10F9F00002460A48241AE408240444F00100FBF7F4
:10FA0000F0FBE2E70135042D07F10C07BED1A4E7B6
:10FA1000CC6C0020248E0300D4A70300648D030067
:10FA2000B86C00201C4BF7B500221E464FF6FF7540
:10FA30004FF0FF0C0C27104607FB02641D809D70E1
:10FA400083F809C0A17A013221F00301042AA172CE
:10FA500003F10C0303F8040C43F8080CECD1502319
:10FA6000CDE900230D490E4B0E484FF4A07200F073
:10FA700045FF034668B1FAF7A3FB0B4B0B4902465F
:10FA80000B481B1ADB081B0443F00100FBF7A0FB2B
:10FA90000323184603B0F0BDCC6C0020786B002027
:10FAA000FC6C0020BC6C0020248E030034A80300F2
:10FAB000648D03000023FFF777BD00002DE9F041BE
:10FAC00080460E4614461F46002B5CD0CB1F012BF0
:10FAD0005BD8531E032B58D8FFF758FE054610BBC2
:10FAE000FF214FF6FF70FFF751FE0546C8B1A0F8A1
:10FAF000008086706B7AFF2B1AD12548214600F0D2
:10FB000042FFFF28687229D14FF6FF732B80002334
:10FB10006B604FF47F432B81AB7AA87023F0030313
:10FB2000AB72112018E0037AA342E3D00F2013E058
:10FB30004FF00008697A16482C7200F0F3FE80B985
:10FB4000144B15486A7A1549C01AC008000440F0E1
:10FB50000100FBF73DFB0320BDE8F0814FF00108F9
:10FB6000E8E704EB84042401A4B2A408BE70786022
:10FB70003C80B8F1000F04D0082E02D1A400063C4E
:10FB800084800020E8E70E20E6E70720E4E700BFD6
:10FB9000BC6C0020648D0300248E030052A8030077
:10FBA00008B5FFF7F3FD18B1FFF718FE002008BDF8
:10FBB0000520FCE77FB500230546039303A9FFF763
:10FBC000D1FD0446A8B92846FFF7BAFD034640B365
:10FBD000072826D0FAF7F4FA164C174903461748B7
:10FBE000241AE40824042A4644F00100FBF7F9FA39
:10FBF00016E0A1782846FFF7D3FFA8B1052813D057
:10FC0000FAF7DEFA0B4EA378009302460B480C4934
:10FC1000361AF60836042B4646F00100FBF7EBFADD
:10FC20000323184604B070BD039B0133039303A95B
:10FC30002846C4E7248E03001CA90300648D03003A
:10FC4000C6A80300CB1F012B70B506460C4615460F
:10FC500001D9072070BD1046FFF77DFD0028F8D0C0
:10FC600021463046FFF792FD28B184700580BDE83B
:10FC70007040FFF7D3BD0520ECE710B54FF6FF73DA
:10FC800004469C4208460AD14FF48071F9F758FBAC
:10FC900084B2B4F5807F09D14FF6FF7406E0FF2CE3
:10FCA000FAD82146F9F72BFB0028F5D1204610BDE4
:10FCB00002484022002102F0E7BB00BF006D002097
:10FCC0000149FFF7DABF00BF006D00204FF6FF7358
:10FCD000984210B5044606D00449FFF7CEFF231A18
:10FCE0005842584110BD0020FCE700BF206D0020A5
:10FCF000FF2807B501460AD801900648F9F70DFB21
:10FD00000199054803B05DF804EBF9F706BB03B0B1
:10FD10005DF804FB006D0020206D0020FF280146E7
:10FD200002D80248F9F703BB00207047006D00209D
:10FD3000FF28014602D80248F9F7F9BA00207047B7
:10FD4000206D00204FF6FF73984270B518BF441C19
:10FD50000E4614BFA4B20024A5B2FF2D02D94FF65F
:10FD6000FF7506E021463046F9F7E1FA0134002834
:10FD7000F2D0284670BD000070B50B490A4EFFF75F
:10FD8000E1FF4FF6FF750446AC4201D1204670BD3D
:10FD90002046FFF7CDFF0028F8D020463146FFF778
:10FDA000D1FF0446F0E700BF006D00200149FFF7D6
:10FDB000C9BF00BF206D0020F8B5074D074E0746AC
:10FDC00000243378A34200DCF8BD55F8043B3846E4
:10FDD00098470134F5E700BF486D0020576D0020BB
:10FDE000074B1B7810B504464BB1FEF75BFE20466F
:10FDF00001F024FC2046BDE81040FEF79FBA10BD7C
:10FE0000566D002008B1FFF7D7BF7047FFF7D4BF8A
:10FE1000FFF7D2BFFFF7D0BF10B5FFF775FB80B17A
:10FE2000FAF7CEF9304C314A314903463148241AA9
:10FE3000E408240444F00100FBF7D3F90323184637
:10FE400010BDFFF7EFFD50B1FAF7BAF9264C274A7B
:10FE5000294903462748241AE4082404EAE701F064
:10FE6000BDFB50B1FAF7ACF91F4C204A23490346B9
:10FE70002048241AE4082404DCE700F0A3FE50B173
:10FE8000FAF79EF9184C194A1D4903461948241AD5
:10FE9000E4082404CEE7FEF7B3F950B1FAF790F97D
:10FEA000114C124A174903461248241AE408240444
:10FEB000C0E7FEF785FB034650B1FAF781F90A4C1B
:10FEC0000A4A114903460B48241AE4082404B1E7FE
:10FED0000E4A4FF6FF7111800D4A10600D4A1070E6
:10FEE0000D4A01211170AAE7F48D030060AB0300F5
:10FEF0007FA90300648D0300A9A90300D3A903000F
:10FF0000FCA9030026AA030050AA0300546D002098
:10FF10005C6D0020586D0020566D0020084B1B784A
:10FF200053B1084A1378022B08D8074941F8230037
:10FF30000133137000207047082070470420704779
:10FF4000566D0020576D0020486D0020034B1B7834
:10FF50000BB101F091BB0820704700BF566D002027
:10FF600008B5054B1B782BB101F0A4FB082808BF8E
:10FF7000112008BD0820FCE7566D0020034B1B78BC
:10FF80000BB101F06CBA0820704700BF566D00201D
:10FF9000034B1B780BB1FEF723BD0820704700BF51
:10FFA000566D002070B5234B1B7888B0002B3ED0D7
:10FFB000214E01234FF6FF703370FFF7CEFB4FF653
:10FFC000FF739842044616D01E462046FFF7E0FF16
:10FFD000054628B3FAF7F4F8184D194A1949009460
:10FFE000034619482D1AED082D0445F00100FBF7D2
:10FFF00002F9032511E000251422294603A83570D3
:020000023000CC
:1000000002F042FA0C230DEB03008DF80C30ADF832
:100010001040ADF80E40FFF7CFFE284608B070BD87
:100020002046FFF79AFBB0420446CED1F5E70825FB
:10003000F3E700BF566D0020446D0020F48D0300EF
:1000400068AB03007BAA0300648D03002DE9F04F29
:1000500087B081460193334B1B7888461646002BA8
:100060005ED04FF6FF70FFF778FB00250423CDE943
:10007000025302AB059304AA03AB06210446049580
:10008000FFF792FA072849D04FF6FF77BB464FF0AB
:10009000FF3AF0B1052825D04FF6FF739C422DD1D1
:1000A000A34529D0A7420CBF05200020B9F1000FBD
:1000B00001D0A9F800B0B8F1000F01D0C8F8005085
:1000C00006B13780019B0BB1C3F800A007B0BDE8B3
:1000D000F08F029BAB4224BFA3461D4653453CBF55
:1000E00027469A462046FFF738FB03AB04AA0621B1
:1000F0000446FFF759FACCE70520D7E7FAF760F88E
:10010000094D0A4902460A482D1AED082D0445F00A
:1001100001002346FBF765F80320D7E70520D5E764
:100120000820D3E7566D0020F48D0300C3AA030016
:10013000648D030038B50C4C0C4D00231A46214643
:100140002846FFF783FF05280AD14FF6FF732B805F
:1001500000232360431F58425841054B187038BD97
:100160000028F7D10120F8E7406D0020546D0020F1
:10017000586D0020F0B5044687B08088FEF7C2FBBA
:1001800023786080083B032B20D8DFE803F00221AE
:100190003166637A5BB93F4A116851B1E0688142C8
:1001A00007D113603C4AA1881180E3600EE0012B67
:1001B0000CD13A4B1B784BB1374BA2881B889A4223
:1001C00004D1237A062B01D1FFF7B4FF20465DE06E
:1001D000637A002BFAD12F4A11680029F6D0E06823
:1001E0008142F3D12E4913600A68013A0A60DCE7C4
:1001F0002C4F3B7873B90125284B1B7833B1264B24
:10020000A2881B889A4201D1FFF794FF002DDDD10F
:1002100007B0F0BD4FF6FF70FFF79FFA4FF6FF7380
:1002200098420546E7D1FFF79AFAA8420646E2D17E
:1002300000251422294601A83D7002F025F90C235F
:1002400020468DF80430ADF80860ADF80660FFF781
:10025000B3FD01A8FFF7B0FDCEE7124B1A78002AD4
:10026000B4D00021142201A8197002F00DF90D2359
:100270008DF804304FF6FF73ADF80830ADF8063056
:100280002046A3680393FFF797FD01A8FFF794FDAD
:10029000BEE700BF5C6D0020546D0020586D00204B
:1002A000406D0020446D00202DE9F041374B1B7854
:1002B00088B00546002B64D0354B364C93E80300DC
:1002C000237801AF87E8030043B1334B1C6898469D
:1002D00054B11124204608B0BDE8F081FFF72AFF91
:1002E0002378002BF5D0F0E72C4A2D4E1288336886
:1002F000AA421DD1F3B11422214603A802F0C4F88A
:10030000082328468DF80C30FEF7FCFA0623ADF8DA
:1003100014309DF81C30ADF80E0064F3000303A800
:10032000ADF8105006948DF81C30FFF745FDD1E76D
:100330005A1C28D00133184A336039462846FFF743
:100340009FF904460028C5D00023C8F80030336860
:10035000112803F1FF333360BBD08628BAD00728B9
:10036000B8D0F9F72DFF0F4C0F4902460F48241A59
:10037000E408240444F001002B46FAF732FF03247A
:10038000A8E70824A6E71324A4E700BF566D0020C1
:1003900058AB0300586D00205C6D0020546D0020A8
:1003A000406D0020F48D03000BAB0300648D03004F
:1003B00076DF704773B5054669B901A9FFF7DEFD21
:1003C00043F20202904202D008B1F7F701FC9DF817
:1003D00004309B0723D400212846FFF7C1FD0646C1
:1003E000E8B111281BD01D4C1D4BE41AE4080D2860
:1003F0004FEA044415D144F002041A4920462A4623
:10040000FAF7E6FE13212846FFF7D2FF38B1F9F7D5
:10041000D7FE154902462B462046FAF7E2FE02B007
:1004200070BD0B2806D111492A4644F00200FAF7A4
:10043000CFFEF4E743F20203984202D10C492A4668
:10044000F3E7F9F7BDFE0B4902462B4644F00100E5
:10045000FAF7C7FE3046F7F7BBFBE0E7148E030060
:10046000648D030078AB0300E9AB030020AC03000C
:100470007EAC0300C8AC03002DE9F041037886B0E0
:100480000446142B3CD8DFE803F00B3B2D3B3B3BF1
:100490003E3B963B963B3B3B3B3B3B3B3B9AC0004A
:1004A0008088FFF701FF862801D0112811D15E490D
:1004B0005E4A0B68A08822F8130001335A4202F00A
:1004C000070203F0070358BF53420B6000F0C2F865
:1004D00016E0132803D8564BC340DB0710D4F7F7B8
:1004E00077FB0DE0037A012B0AD8848814220021BF
:1004F00001A801F0C9FF01A8ADF80840FFF7BCFF53
:1005000006B0BDE8F0814B4E3378002BF8D14A4B52
:100510004A4D4B4F4B49ED1AED082D0445F00308A9
:100520004046FAF751FE3B78002B39D101A8F8F785
:10053000B5FD044608B1F7F74BFBBDF80A30002BB8
:1005400014BF012200223A7028D101AA1946184688
:10055000FFF77CFD044678B9BDF804203A494046CF
:10056000FAF736FEBDF80400FFF712FD044608B1A5
:10057000F7F72EFB01233B70052C05D1334945F0DD
:100580000100FAF721FEBBE7062C03D1304945F004
:100590000200F6E724B12046F7F71AFB002CAFD192
:1005A000F8F726FD10B901233370A9E748F2076276
:1005B0009042A5D093E7224B01221A70A0E71D4B71
:1005C0001A4D00241C701E4B1C70174B1F684FF6F1
:1005D000FF76E3195A4202F0070203F0070358BFFF
:1005E000534235F81380B0450BD01422002101A8E6
:1005F00025F8136001F048FF01A8ADF80880FFF767
:100600003BFF0134082CE4D17AE70A4B00221A7030
:10061000836848F20D6293423FF458AFB3F5064F3A
:100620007FF46EAF52E700BF646D00201A2C0020EB
:10063000C1000800606D0020648D0300148E03006B
:10064000182C002003AD03001EAD030048AD0300CD
:1006500066AD03007FB51422002101A801F014FF4C
:10066000062301A88DF80430FFF706FF07B05DF8F8
:1006700004FB000030B5027885B00446142A00F26D
:10068000E680DFE812F02B002B0015002D002B0078
:100690002B004600530060007B009600A400B800C9
:1006A000C1002B00CC002B002B002B002B00D7000F
:1006B00040886B4DFDF784F96A4B227A6A49ED1A3E
:1006C0006A4BED0853F82230694A00932D0452F822
:1006D0002020638845F00300FAF78DFD05B030BD9A
:1006E00040885F4DFDF76CF95E4B6249ED1A6389F6
:1006F0000193227A5D4B53F8223000935C4A638861
:1007000052F82020ED082D0445F00300FAF77FFD94
:10071000E4E75348534B5849C01AC008000440F05E
:10072000020005B0BDE83040FAF74EBD8068F9F729
:1007300047FD4B4B514902464A481B1ADB081B0434
:1007400043F001003EE0474B4548617A4C4D227A28
:10075000C01A4C4B53F82110237C13F0010F4A4B65
:1007600018BF2B46CDE90013C008484B484953F841
:100770002230A288000440F00300C7E7017A434B0F
:10078000828853F82130407A3E49039251F8205034
:1007900020690293324CF9F713FD3249641AE408D8
:1007A0002404CDE90050DDE902323A4944F0020068
:1007B000ACE72B482B4BA2883749C01AC00800046D
:1007C00040F0010005B0BDE83040FAF701BD828875
:1007D00080680292F9F7F4FC214C029A2F490346F3
:1007E0002048241AE408240444F0010005B0BDE8C0
:1007F0003040FAF7F6BC1A481A4B2949C01AC0080B
:10080000000440F003008CE78068F9F7D9FC144B32
:100810002449024613481B1ADB081B0490E7114BBE
:100820000F4862882049C01AC0080004A38840F01D
:100830000200DBE78068F9F7C3FC094B1B4902465D
:1008400008481B1ADB081B0443F00200BAE70448FF
:10085000044B1749C01AC008000440F00200B1E779
:10086000148E0300648D0300A5AD030070B1030076
:1008700064B10300E2AD030034AE03004AAE0300EE
:10088000FC96030034B1030075AE03003CB10300D5
:1008900081AE0300C4AE03000EAF030035AF03000A
:1008A00062AF030075AF030099AF0300D5AF03003B
:1008B00004B0030010B50446FFF7DCFE217821B92F
:1008C0006088BDE81040FFF775BD07290FD10848C3
:1008D000084B09491B1ADB081B0443F00100FAF717
:1008E00073FCA06818B1BDE81040F7F771B910BDEE
:1008F000648D0300148E030022B0030070B5DDE99F
:10090000045468B161B15BB104FB05F6964207D8A7
:1009100035B12CB1C0E90013C0E90254002070BD0C
:100920000720FCE738B50C46054608B9002038BD5D
:100930000368002BFAD040680028F7D0FF29F5D0D3
:10094000BFF35F8FF8F7F3FC0028EFD0E968286861
:1009500001FB0400EBE738B50D46044690B103688F
:1009600083B1406870B1FF290CD0BFF35F8FF8F7F7
:10097000DEFC38B16068BFF35F8F2946BDE83840C0
:10098000F8F7CBBC38BD2DE9F0418846064618B9CA
:10099000FF242046BDE8F0810368002BF8D04368AF
:1009A000002BF5D00027FF24B368FDB2AB42EFD98E
:1009B00070682946F8F7A3FCBFF35F8F40B9FF2C9E
:1009C00008BF2C462D1B01354545E2D00137EBE72A
:1009D000FF2C07D1FF24F9E721463046FFF7BBFF84
:1009E0000134E4B2AC42F7D3F4E77EDF70477FDF37
:1009F000704786DF704710B50378182B044602D184
:100A0000FDF742F8207010BD10B504464088FDF790
:100A10004BFFA0802046BDE8104000F085BD10B51A
:100A200086B004461422002101A801F02DFD042304
:100A30000DEB03008DF80430ADF80640FFF7E4FF3E
:100A400006B010BD30B587B005460C461422002113
:100A500001A801F019FD072301A88DF80430ADF8B5
:100A600006500394FFF7D0FF07B030BDF0B587B054
:100A700004460F4616460021142201A81D4601F027
:100A800003FD03238DF80430094BADF806401978B7
:100A90008DF80C7000222046ADF80E608DF81050D5
:100AA000FDF714F801A8FFF7AFFF07B0F0BD00BFD6
:100AB0002B2C00207FB502238DF804300388ADF87D
:100AC000063043798DF80D1013F0040F14BF012385
:100AD000022301A88DF80C30FFF796FF07B05DF8F0
:100AE00004FB000030B5114B0A1E87B00C4618BF3E
:100AF000012219780546FCF7E9FF631E5A425A4164
:100B00000B4B28461978FCF7E1FF1422002101A8BD
:100B100001F0BAFC012301A88DF80430ADF80650AD
:100B20008DF80C40FFF770FF07B030BD2D2C002072
:100B30002C2C00202DE9F0471D4B0F461978044658
:100B40009046FCF7ABFF014678B31A4B2046197864
:100B5000FCF7A4FF002804F580704FF0070180B275
:100B600014BF4FF001094FF00209FFF719F80646CC
:100B700098B1052811D0F9F723FB0F4D0F49024614
:100B80000F482D1AED082D0445F001002346FAF711
:100B900028FB31462046FFF755FF43463A46494673
:100BA0002046BDE8F047FFF761BF43463A46F7E706
:100BB0002D2C00202C2C00203C8E03007CB1030047
:100BC000648D0300F8B5164F164E174D174C384676
:100BD000FFF711FF3046FFF70EFF2846FFF70BFF28
:100BE0002046FFF708FF3B78182B0CD03378182BE2
:100BF00009D02B78182B06D02378182B03D0BDE80A
:100C0000F840FBF76FBF0A4B0A480B49C01AC008EF
:100C1000000440F00100FAF7D7FA0320F8BD00BF46
:100C20002B2C00202D2C00202C2C00202A2C0020E6
:100C3000648D03003C8E0300D39C03002DE9F0413A
:100C40008AB00F4690460446FCF7BAFE20220546BD
:100C5000002102A801F018FC012D17D1454B0022FC
:100C600019782046FCF732FF2046FCF705F80028EB
:100C70007ED187B98526012D314602AB0CBF3A469D
:100C800000222046FFF7B3FE014645E0002DEBD1E0
:100C900043F2020140E02046FDF706FE4FF6FF73E7
:100CA000984208D100263B78DB0718D4324BCDF8A8
:100CB00014800993DFE7012DF4D12E4E20463178C0
:100CC000FCF7ECFE0028EDD12046FFF7A8FE3178B6
:100CD0002046FCF7E3FE0028E4D18526E3E7852ED5
:100CE000C8D004F5807007216B46012280B2FEF760
:100CF000E5FE112801460FD090B1F9F761FA1F4DBA
:100D00001F4902461F482D1AED082D04234645F0C1
:100D10000100FAF766FA032108460AB0BDE8F0813F
:100D20000198502201F0B0FB01990B46204603F8D0
:100D3000345B029301F1180306934B1C07931131A6
:100D40000D4BCDF814800993FDF7C0FD002892D01B
:100D5000F9F736FA094D0C4902460A482D1AED08F2
:100D60002D04234645F00200FAF73BFA0821D3E7A9
:100D7000892680E72A2C0020686D00203C8E030025
:100D8000E5B10300648D0300AA9A030038B5054657
:100D90000C46FCF715FE012808D154B1214628461F
:100DA000FFF723FE042808BF112038BD43F20200DC
:100DB000FBE72046F9E700002DE9F0470388113BE7
:100DC0008CB00446092B1ED8DFE813F00A001D0082
:100DD000200048001D001D001D001D00BB006D010E
:100DE000037A84883D2BC04B2046197841F23D059B
:100DF00018BF4FF48855FCF751FE20B10022294658
:100E00002046FFF797FE0CB0BDE8F0878088FCF71E
:100E1000D7FD012802460FD1257AB34BA088197857
:100E2000039005F00105C5F10205EDB2FCF74EFE99
:100E300003982946FFF756FE34F8045F1422002178
:100E400007A801F021FB043405238DF81C30ADF810
:100E50001E50099407A8FFF7D7FDD4E700F110074B
:100E60003846FDF792FD4FF6FF7398420546A0887D
:100E700026D1FDF719FD05469B4BA08819780390F4
:100E80000122FCF723FE03980021FFF72BFE4FF60B
:100E9000FF739D4218D100260023A0881A463146D0
:100EA000FFF7A7FD0828074627D1904B90489149A6
:100EB000C01AC008000440F00200FAF785F9A2E762
:100EC0002946FDF783FDD7E707AA07212846FEF745
:100ED000F1FD0028DFD1A37ED907DCD5089E96F866
:100EE0004430DA0701D53436D6E7394606F14600F4
:100EF000FDF737FD0028F6D1CDE798B1F9F760F995
:100F00007B4E009502467948A3887B49361AF6083D
:100F1000360446F00100FAF76EF9A0883946FFF76B
:100F200091FD70E7A37EDB077FF56DAF002E7FF4A8
:100F30006AAFA088334641F206023146FFF796FDBC
:100F400061E7694B90F8088019788588B8F1000F3F
:100F500040F09880061D42462846FCF7B7FD617AAE
:100F600011F0040103D13046FFF7A4FD4BE705F56E
:100F700080791FFA89F905AB012207214846FEF75F
:100F80009DFD074698B1F9F71BF9594C5B4902469C
:100F90005648241AE40824042B4644F00100FAF7CA
:100FA00020F939462846FFF74DFD4146DBE7284644
:100FB000FDF77AFC4FF6FF7398420446824630D123
:100FC00001460698FDF752FC50450446804600F065
:100FD0009D80DFF834A101462846FDF7F7FC9AF81A
:100FE00000102846FCF75AFD8046D0B92846FFF786
:100FF00016FD9AF800102846FCF750FD014600281F
:10100000B1D0484622460721FEF71CFE814650B962
:101010000121A8E721462846FDF7D8FC4FF001083A
:10102000EFE7B846EDE786280DD11422002107A886
:1010300001F02AFA062307A88DF81C30ADF81E50DF
:10104000FFF7E2FCE4E7F9F7BBF8294F2C490094DD
:10105000024626483F1AFF083F042B4647F001008E
:10106000FAF7C9F849462846FFF7ECFC002130465C
:10107000FFF720FDB8F1000F3FF4C5AE2046FDF7A5
:10108000AFFCC0E6427A284602F003020392FCF766
:1010900005FD039A18B141462846FFF74BFDA0888D
:1010A000FBF72AFDAFE6174B80881978FCF7F6FCB2
:1010B000054600287FF4A7AEA088FCF7A5FC0146F2
:1010C000A08819B9012341F2060237E7064B2A46E8
:1010D0001978FCF7FBFC02238DF81C30A388ADF8CF
:1010E0001E30ADF82450B5E62B2C0020648D030093
:1010F0003C8E030047B20300B7B2030027B30300DE
:10110000B4B303002D2C00202A2C0020FEF714FB82
:10111000404504467FF47EAF074B08480849C01A93
:10112000C008000440F00100FAF74EF804212846F8
:10113000FFF788FC394616E7648D03003C8E0300F8
:1011400082B3030058B3027802F08203802B25D0CB
:10115000C2F30213042B21D802F0F203322B1DD06C
:1011600041788378994219D8062917D9102B15D8B8
:10117000C17811F0040311D1007943070ED408435C
:1011800001070BD4D30700F0030003D4B0FA80F0BA
:1011900040097047003818BF012070470020704791
:1011A00070B515460E4614220021044601F06CF974
:1011B0002846FDF779FB2670A0806580204670BD2B
:1011C000FEF720BE10B50378182B044602D1FCF7B9
:1011D0005BFC207010BD0000F0B531F0080387B053
:1011E00006460D46174627D0112925D01D4C1E4B0B
:1011F000E41AE4080D294FEA044421D102461B49B0
:1012000044F00200F9F7E4FF3246032101A8FFF79A
:10121000C7FF9FB13B7803F00103C3F10203DBB2C8
:101220008DF80C3000238DF8103041F20113ADF829
:101230000E3001A8FFF7C4FF07B0F0BD0223EFE7AF
:101240000846F8F7BDFF0A490246334644F001005C
:10125000F9F7C7FF3246072101A8FFF7A1FF039561
:10126000E7E700BF348E0300648D03001BB4030066
:10127000D0B403002DE9F043054689B09146984665
:101280000E4601BB3F4BCDE904111B68039303AC31
:1012900094E807006F4687E807002A4605212046A4
:1012A000FFF77EFF2046CDE90567FFF789FF364B44
:1012B000009F1B7843B99DF809302BB905263046AD
:1012C00009B0BDE8F08300274A4639462846FFF7B3
:1012D0005DFDA0F111035A425A412C4B0446197886
:1012E0002846FCF7F3FB112C20D8072C02D80CBBA6
:1012F00026463DE0A4F10803092B1BD801A252F8B1
:1013000023F000BFF112030035130300351303006F
:10131000F112030035130300F1120300351303002B
:1013200035130300351303005713030043F2020380
:101330009C42DDD02046F8F743FF154E1549024682
:101340001548361AF608360446F001002B46F9F720
:1013500048FF03260CE0114B324619782846FCF76B
:10136000B5FB0F4B4A4619782846FCF7AFFB002621
:10137000B8F1000FA3D03A4621462846FFF72CFFCC
:101380009DE700BFB06D0020AD6D0020302C002027
:10139000348E03003BB50300648D03002F2C002026
:1013A0002E2C002013B50A4B19780446FCF776FB67
:1013B000084B019019782046FCF770FB019A014612
:1013C0000123204602B0BDE81040FFF753BF00BF25
:1013D0002E2C00202F2C00202DE9F0411B4B88B033
:1013E0000027CDE904771B68039303AD04468846C4
:1013F00095E807006E4686E8070022460521284644
:10140000FFF7CEFE2846CDE90586FFF7D9FEFDF7AA
:1014100005FE009902462046FFF710FCA0F11103DB
:101420005A425A410A4B054619782046FCF74EFBB2
:10143000084B3A4619782046FCF748FB009A2946A3
:101440002046FFF7C9FE08B0BDE8F081B06D00206E
:10145000312C0020302C00200021FFF7BDBFF7B554
:1014600007460C46002945D0FCF7BCFA0546002883
:1014700042D03846FDF718FA06464FF6FF70301A8C
:10148000A5F1020318BF01205D425D41237845EAC2
:10149000C00523F009031D4325703846FCF7B4FA54
:1014A000237860F3410323703846FCF7BFFA2378B2
:1014B00060F3820323703846FCF7CAFA0546B8B9D0
:1014C0003846FCF7A1FA50B16A4607213046FEF7CC
:1014D000F1FA58B9019B93F8440000F00100237819
:1014E00060F304132370002003B0F0BD2846F6E734
:1014F0000120F4E70E20F7E743F20200F4E713B50A
:10150000E0230C4601A98DF80430FFF7A8FF9DF8F1
:101510000420237828B993430CBF0120002002B097
:1015200010BD0020FBE7000013B50378052B04462F
:1015300005D0122B09D02046FFF742FE03E0816858
:101540004088FFF749FF02B010BD134B1A68FAB18B
:101550004088FCF759FA0146E0B1227A6088C2F36C
:101560004003C2F300019B00C2F3800243EAC103BF
:1015700043EA021301A98DF80430FFF7C0FF80F0A1
:101580000100C2B2002160880123FFF773FED2E799
:101590000121F8E70246F6E7B06D002008B50378B0
:1015A0000B2B0FD8072B0FD9084B094918780022AD
:1015B000FCF7A6FA074B084918780022BDE8084056
:1015C000FCF79EBA132BEFD008BD00BF312C0020D2
:1015D00059140300302C0020A513030038B5FDF783
:1015E000E1FC0446D0B90E480E4DFFF7EBFD0E4866
:1015F000FFF7E8FD0D48FFF7E5FD2846FFF7E2FDA0
:101600002B78182B0AD10A4B0A480B49C01AC0087C
:10161000000440F00100F9F7D7FD0324204638BD4F
:10162000302C0020312C00202E2C00202F2C0020CC
:10163000648D0300348E0300D39C030010B5044670
:10164000FFF7BAFB2046FDF765FD074B0749187801
:101650000022FCF755FA064B06491878BDE8104001
:101660000022FCF74DBA00BF312C002059140300B2
:10167000302C0020A513030010B5044630B90A4BE6
:1016800018600A4B01221A70002010BDFFF75AFDA6
:1016900038B1074B22681A6022791A71024A136026
:1016A000EFE70720F1E700BFB06D0020AD6D00202F
:1016B000A86D002000230A461946FFF7DBBDA8DF0E
:1016C0007047ACDF7047AEDF704737B505460C4654
:1016D000E1B1D8B10388502B18D14B7CB3B1C2888B
:1016E0004B899A4212D1038A022B0FD10B686BB13E
:1016F0001230FCF738FAAB88ADF8063080F0010004
:101700008DF80400236801A92046984703B030BD36
:101710002DE9F0410E4690B0054600286AD0002918
:1017200068D00B6803600B794374FF2303742A1D90
:10173000012041F60F0302A98DF80A00ADF8083028
:10174000FFF7BDFF044600284ED12022337B8DF8E1
:10175000033001460DEB020000F096FE42F619231D
:10176000ADF820304FF0011309930DF103030A93F4
:101770006B7C9DF82D20A8881B0143F0020322F00A
:10178000120203F0120313438DF82D30B37B8DF852
:101790003330AA1D737B8DF8313008A9FCF7F6F9B8
:1017A000044608BBB16819B30DF104084046FCF7C4
:1017B000DEF921460746142203A800F065FEB8B200
:1017C00042F60813ADF80C30ADF81600F37BADF817
:1017D0001A0005F10E02E8888DF8123003A9CDF841
:1017E0001C80FCF77DFA0446204610B0BDE8F0816D
:1017F000E881F9E70E24F7E72DE9F04194B01646A9
:101800008DF807100546002857D0027CCBB29A42CB
:1018100055D003AF08220021384600F035FE4FF0C6
:1018200001080DF10703E988CDF80C803A464FF620
:10183000FF700493FFF745FF044610BB9DF8073087
:101840002B746B7C002B3CD00146102205A800F0C5
:101850001BFEEB88ADF81430BDF80E30ADF8183033
:10186000049B08934FF6FE739E428DF816800797EF
:101870001DD109A8FCF7FEF80AAF2546099B9D4239
:1018800003D3204614B0BDE8F08137F8026B304630
:10189000FCF7A8F8022805D105A9304624B9FFF7BE
:1018A00012FF04460135E9E7FFF70DFFFAE705A946
:1018B0003046FFF708FF0446E3E70E24E1E7002483
:1018C000DFE70824DDE7A8DF70470000F0B5074632
:1018D00089B014461E460D4611B90846F6F778F948
:1018E00014B92046F6F774F920220021684600F06A
:1018F000CBFD9DF80D300E9AADF8007043F0020359
:101900008DF80D30064BADF804401888ADF8064050
:10191000694602958DF81160FCF738F909B0F0BD01
:10192000EC6D002030B587B041F60A03564AADF899
:101930000C30044603A901208DF80E00FFF7C3FF09
:101940000546002847D12288002A47D1228952B172
:101950004E4B0093E16894F83C3042F62420FFF7A8
:10196000B5FF002845D1228A52B1494B00936169E5
:1019700094F83C3042F62520FFF7A8FF002838D124
:10198000228B4AB1434B0093E16994F83C3042F614
:101990002720FFF79BFF60BB228C4AB13E4B009390
:1019A000616A94F83C3042F62620FFF78FFF00BBB7
:1019B000228D4AB1394B0093E16A94F83C3042F6EB
:1019C0002820FFF783FFA0B9236BA3B9616B69BB24
:1019D000A36B002B37D1284607B030BD304B0093A6
:1019E000616894F83C3042F62920FFF76FFF002829
:1019F000ACD00546EFE7D3E9001204918DF814202E
:101A00009B688DF815301A0A1B0C8DF81730254B82
:101A10008DF816200093082294F83C3004A942F671
:101A20002320FFF753FF0028D0D0E2E71E4B0A79AE
:101A30000093096894F83C3042F62A20FFF746FFED
:101A40000028C5D0D5E71A788DF810205A888DF86F
:101A50001120120A8DF812209A888DF81320120A8C
:101A60008DF81420DB888DF815301B0A8DF81630A0
:101A70000E4B0093072294F83C3004A942F6502004
:101A8000FFF724FFB5E700BFEC6D0020CC6D002010
:101A9000E46D0020BC6D0020B46D0020EE6D0020D0
:101AA000C46D0020F66D0020DC6D0020D46D002098
:101AB000A8DF7047AEDF70474379002B90F82230E3
:101AC0002DE9F041044615460CBF002604260BB153
:101AD00046F00206FF29CBB283BF090A6B70A970DA
:101AE0006B70B4F84C3086BF46F001064FF0030C23
:101AF0004FF0020C0BB146F0100604F12401002750
:101B00000846B4F84C200CEB4708BA425FFA88F854
:101B10000DDD94F84EE008F10203734510D9D21B95
:101B200007F11201520004EB410100F067FCB4F828
:101B30004C30DF1BA4F84C7040462E70BDE8F0819D
:101B400031F8023B05F8083005EB08021B0A537018
:101B50000137D6E70388112B13B50C4607D0502B5D
:101B600008D0102B01D18388238402B010BD4FF61A
:101B7000FF73F9E7C2888B899A42F6D1038A022B58
:101B8000F3D10B68002BF0D01230FBF7ECFF80F0A4
:101B900001008DF80400236801A920469847E4E776
:101BA000F0B50B6803600B7943714FF6FF73C7B054
:101BB000038405460023F42780F82230A0F84C3037
:101BC00080F84E7041F60D0301200E46AA1D6946AD
:101BD0008DF80200ADF80030FFF76AFF04460028D8
:101BE0004AD10146202201A800F04EFCADF8087051
:101BF00009AF42F6372321463A462846ADF804306D
:101C0000FFF75AFFBDF81030ADF80A0023F48753F0
:101C100023F01F0343F4805343F00103ADF8103069
:101C2000E888337B039705F1080201A98DF8173086
:101C3000FBF7ACFF0446F8B9B368EBB101462022CC
:101C400001A800F021FC42F63823ADF804304FF033
:101C500001130293B36803939DF81130E88843F0B1
:101C600002038DF8113005F11002737B8DF81530E9
:101C700001A9FBF78BFF0446204647B0F0BDF0B545
:101C8000028C4FF6FF739A42C3B0044623D005AFCF
:101C90003A46FFF711FF002185B2102201A8ADF8E6
:101CA000025000F0F1FB2389ADF8043001230DF15F
:101CB00002068DF80630208C002301A9CDE90367C8
:101CC000ADF80830FFF7F6FE18B93388AB4218BFFD
:101CD0000C2043B0F0BD0820FBE738B5B0F84C301D
:101CE000142B04460D4609D126228118243000F019
:101CF00085FBB4F84C30013BA4F84C30B4F84C00F0
:101D0000431CA4F84C3004EB4004A58438BD80F893
:101D100022107047028C4B889A4208D10A8840F6FC
:101D200077239A4202BF0B79033B80F84E3070470D
:101D300010DF704711DF704713B504460949684644
:101D4000F8F7E3F9019808B902B010BDD0E9002115
:101D50002046904718B16846F8F7E1F9F2E71120FC
:101D6000F2E700BFB4B5030013B50446074968465F
:101D7000F8F7CBF9019B0BB902B010BD2046D3E9AF
:101D8000002190476846F8F7CAF9F3E7CCB503009D
:101D9000084B9A6822B11A6822F480021A607047D0
:101DA000054B4FF48002C3F88020BFF34F8FBFF381
:101DB0006F8F7047AC2D002000E100E00B4991F8D7
:101DC00016335A09EC231341DB0706D5084B9A68F2
:101DD0003AB94FF480030B60704742F20200F5F706
:101DE000F7BE1A6842F480021A60704700E100E012
:101DF000AC2D0020F7B5194F3C7864BB184E012577
:101E000020463570FFF798FF112821D02046FFF7B4
:101E1000ABFF144B8DF80340186801900DF10300DF
:101E2000F6F7CAF8104901A8FFF782FF0446B0FA96
:101E300080F0400938709DF80300F6F7E1F83CB9EE
:101E40000A4B34701C70FFF7B9FF2846FFF78CFF70
:101E5000204603B0F0BD0824FAE700BFFF6D002064
:101E6000FE6D0020B0B50300ED7B0200006E002087
:101E7000F7B5154F3B781BB3144E01203070FFF7B8
:101E80005BFF11284FF000051CD00220FFF76CFF0C
:101E90000DF107008DF80750F6F78EF8FFF74AFFAF
:101EA00004469DF807003D70F6F7AAF82CB9347087
:101EB000FFF76EFF0320FFF757FF204603B0F0BD8A
:101EC0000824FAE72C46F8E7FF6D0020FE6D00209D
:101ED000054B1B7833B1054B1B780BB1FFF7C8BF1F
:101EE000FFF788BF08207047FE6D0020FF6D0020BF
:101EF000014B1878704700BFFF6D002007B50849F7
:101F00006846F8F702F9019B13B903B05DF804FBCA
:101F1000D3E9002090476846F8F701F9F3E700BFDE
:101F2000C0B50300FFF7EABF60DF704769DF7047A5
:101F300061DF704730B5114DADF5017D4FF4FA7496
:101F40000DF1020103A8ADF80240FFF7F1FF70B9EF
:101F5000294601A8F8F7D9F8029B002BF0D003A876
:101F6000D3E90021904701A8F8F7D9F8F4E705284C
:101F700001D0F5F72DFE0DF5017D30BD54B80300FD
:101F8000024B1B780BB1FFF7D5BF7047016E0020E5
:101F900030B5054685B00C46002900F0B7805C4B93
:101FA0000B600C22002101A800F06EFA01238DF8CD
:101FB000063022688DF804504FF4A07301A9202048
:101FC000ADF80830FFF7B2FF60B1F8F7F9F8514B00
:101FD0005149024651481B1ADB081B0443F001001B
:101FE000F9F7F6F80C22002101A800F04DFA0123C0
:101FF0008DF805302268002301A94020ADF8063095
:10200000FFF794FF60B1F8F7DBF8424B4449024612
:1020100042481B1ADB081B0443F00100F9F7D8F80B
:102020000C22002101A800F02FFAF72322688DF876
:10203000045001A92320ADF80630FFF777FF60B107
:10204000F8F7BEF8334B3749024634481B1ADB0811
:102050001B0443F00100F9F7BBF80C22002101A892
:1020600000F012FA002322688DF8043001A9012043
:10207000FFF75CFF60B1F8F7A3F8264B2A49024648
:1020800026481B1ADB081B0443F00100F9F7A0F8EF
:102090000C22002101A800F0F7F94FF4B063226888
:1020A000019301A9A120FFF741FF60B1F8F788F87B
:1020B000184B1E49024619481B1ADB081B0443F043
:1020C0000100F9F785F80C22002101A800F0DCF9E5
:1020D0009DF8043022686FF3000301A9A0208DF859
:1020E0000430FFF723FF034668B1F8F769F8094B9E
:1020F0000F49024609481B1ADB081B0443F0010084
:10210000F9F766F80023184605B030BD0E23FAE74C
:10211000E02B0020E48D0300D8B50300648D03009C
:102120001EB603006AB60300B1B60300FDB6030095
:102130004EB7030073B505460668FFF7F5FE2B683A
:10214000B34204461DD91A481A4B1B491B1ADB0817
:102150001B0443F002000190F9F736F82B68174989
:1021600001983246F9F73DF84FF080532A68D3F8CA
:102170000C31134901989B0203F100539A1AF9F7A5
:1021800027F82CB90F4B01221A70204602B070BDFF
:102190002046F8F715F8074B0B49024604481B1A6E
:1021A000DB081B0443F00100F9F712F8EDE700BF6C
:1021B000648D0300E48D0300A1B70300D0B70300D2
:1021C00001B80300016E00202BB803004BDF7047FD
:1021D0001FB50D4C01A8FFF7F9FF70B9214602A801
:1021E000F7F793FF039B002BF4D00198D3E900216C
:1021F000904702A8F7F793FFF4E7052801D0F5F719
:10220000E7FC04B010BD00BF6CB8030053EA020C39
:1022100061D02DE9F04BB3FA83F51E0007BFB2FA87
:1022200082F502FA05F403FA05F41646C5F1200515
:102230001EBF22FA05F73C43203556EA044C4FEA0C
:10224000144418BF0134A3464FF00009C846904219
:1022500071EB030C39D3094207BFB0FA80F700FADB
:1022600007F6B1FA81F701FA07F6C7F120071EBF9A
:1022700020FA07FC46EA0C062037B6FBFBFC7F1B66
:10228000103F07F01F04C4F120060CFA04F42CFAE6
:1022900006F644BF34460026202FA4BF264600245D
:1022A00054EA060C08BF012418EB040849EB0609A0
:1022B000A4FB027CC01B06FB02CC04FB03CC71EB2D
:1022C0000C01904271EB030CC5D20B460246494605
:1022D0004046BDE8F08BB2FBF3F200007F2805D842
:1022E000034B185C034B5B5C184070470020704741
:1022F00084B8030004B90300A0F16103192B98BF4F
:1023000020387047A0F14103192B98BF2030704747
:102310007F2805D8034B185C034B5B5C1840704763
:102320000020704784B8030004B90300A0F16103E2
:10233000192B98BF20387047A0F14103192B98BF83
:10234000203070477F299ABF017001206FF02E0066
:1023500070475AB10A787F2A0AD800B1026000217A
:1023600019605960501A18BF01207047002070474B
:102370006FF02E007047000008B5034B5B689B6848
:102380001B68984708BD00BF342C002008B5092100
:10239000FFF7F2FF08BD7AB370B414460F2A15D9BF
:1023A00002460B4640EA010515F0030F01D0013C3F
:1023B0000EE0194610460432043306680D68AE423A
:1023C00004D110461946043C042CF2D8013C0ED02E
:1023D0000A46034604441146184601330132067882
:1023E0000D78AE4203D118461146A342F3D10078CE
:1023F0000B78C01A70BC70470020704710B41446A8
:1024000088420BD98B1882182CB113F8014D02F8B1
:10241000014D9942F9D15DF8044B70478842FAD0DA
:10242000002AF8D0431E0C4411F8012B03F8012FA9
:10243000A142F9D1EFE7844640EA010313F0030F0C
:1024400018D18446202A0BD32DE9F007B1E8F8070C
:10245000A0E8F807A2F12002202AF7D2BDE8F00791
:10246000042A07D351F8043B40F8043BA2F10402CC
:10247000042AF7D2002A05D011F8013B00F8013BED
:10248000013AF9D1604670478446002A2DD010F0F9
:10249000030F04D000F8011B013A26D0F7E7C9B2B8
:1024A00041EA012141EA0141202A12D3A2F120028E
:1024B0002DE9F0030B460C460D460E460F468846A6
:1024C0008946A0E8FA03203AFBD2BDE8F0032032A7
:1024D0000BD0042A05D340F8041B043A05D0042A83
:1024E000F9D200F8011B013AFBD160467047024661
:1024F00010F0030F16D111F0030F13D12DE9F000E6
:102500004FF001374FF0803351F8044BA4EB07052F
:1025100025EA04051D4002D142F8044BF4E7A1F17D
:102520000401F0BC11F8013B02F8013B002BF9D18A
:10253000704700F1010110F0030F11D010F8012BCA
:10254000002A23D010F0030F0AD010F8012B002A24
:102550001CD010F0030F03D010F8012B002A15D067
:102560002DE970004FF001324FF0803350F8044BEA
:10257000A4EB020525EA04051D4000D1F6E7A0F111
:10258000040070BC10F8012B002AFBD1A0EB010065
:10259000704700002DE9F0410546D0E917301E1ABA
:1025A000B6FBF3F403FB1464944228BF14461746A9
:1025B00088469CBB984224D0B7FBF3F403FB04F499
:1025C0006CB1D5F8E8302246414628469847064681
:1025D00010B93E1BA0442EB93046BDE8F0813E46FE
:1025E000002EF9D0286E193005EB800032464146A6
:1025F00002F02EFC2A6E32442A6600263046BDE8E0
:10260000F0811A4605F16401D5F8E830284698476C
:1026100006460028E0D1EB6D2866CDE705F164039E
:102620001844224602F014FCD5E917302044A04497
:102630003F1B2866BEE700BF70B5002837D00E46A6
:10264000002937D0026E0446DAB9114601236360CF
:102650002046D4F8E8309847B0B9D4F8EC3020469A
:1026600098470546C0B923682066032B1CD8144A36
:1026700004F1080152F82320304602F0E9FB284615
:1026800070BD00F16401E1E7A0F57203022B13D8DD
:10269000A0F5FF35284670BDA0F57203022B0BD8BC
:1026A000A0F5FF35284670BD064D284670BD064D85
:1026B000284670BD054DE2E74FF47505DFE700BF22
:1026C000B8BA03000102F0000002F0000502F000B9
:1026D000F0B5BDB004460E466846F02117461D46CB
:1026E00002F0BCFB042C2FD8DFE804F030351F2E9D
:1026F0000300032300938023294A1793294B2A4C74
:102700003994CDE93A236846A047284CA0421BD013
:1027100032D828B3B0F5720F3BD1254C6846F02172
:1027200002F09CFB20463DB0F0BD224C224A399479
:102730000123009340231793204B6846CDE93A23A9
:10274000A0471A4CA042E3D11D4CE7E7194C1A4AA6
:1027500039940023EDE7174C174A39940223E8E730
:102760008FB1DEB1019BBBB93A4631466846FFF7EF
:1027700011FFA042E8D004D9124B984209D1124C63
:10278000CCE70028C6D129466846FFF755FF044626
:10279000C4E74FF47504C1E70C4CBFE70C4CBDE730
:1027A000913F03001D4003005D3F03000100F20064
:1027B0000002F000F53303004934030071360300D2
:1027C0000102F0000200F2000202F0000C02F00030
:1027D0000302F000F0B5054699B01F4600230E46EF
:1027E000144605A819460322D5F8D05001F0B8FCCC
:1027F00038BB0146AD00082303AA05A8CDE903456F
:1028000001F0EEFCE8B9611905A801F00DFDC0B9B1
:1028100037B923461022314605A801F01DFD80B9C5
:1028200005F1100302A9019100941946324605A84A
:10283000029301F04FFD044B002818BF184619B051
:10284000F0BD014819B0F0BD360CF0002DE9F04F95
:10285000864C80469E460F4694460FCCB7B00DF18D
:102860001C0A55460FC594E80F0004F1100685E8D0
:102870000F000FCE0FAD0FC596E80F00303485E87E
:102880000F000FCC17AD0FC50FCC0FC594E80F008C
:10289000D8F8D040CDF80CE0042C85E80F0001D02A
:1028A000082C6BD1409A231DB2EB830F4FEA830BA8
:1028B00003D06F4837B0BDE8F08F07EB0C019CFAEE
:1028C0008CF30CF118060CF109003B609BFA8BF5B8
:1028D000802326F00F06321A7D6038440B720021E7
:1028E00002F0BAFA409B1B09ABF1100B00F0BB8061
:1028F000042C47D0DDF80C90CDF808B04B4617AD4E
:10290000B1464FF0000823ACBB461E4624E0029FB0
:10291000CDF814A0069701F063FC03462946204633
:1029200010353BBB01F080FC84464FF0100E4B4647
:102930005A4649462046BCF1000F1BD10DEB0E074D
:10294000CDE90067CDF810E001F0C4FC103688B97D
:10295000409BB8EB131F58D2002319460222204691
:1029600001F0FEFB014608F10108082305AA2046F4
:102970000029CCD03F4837B0BDE8F08F3E4837B093
:10298000BDE8F08FDDF80C90CDF808B033460FAD00
:102990004E464FF0000823ACBB46994626E0029F06
:1029A000CDF814A0069701F01BFC034629462046EB
:1029B0001035002BDED101F037FC84464FF0100EAD
:1029C0004B465A4649462046BCF1000FD2D10DEB8A
:1029D0000E07CDE90067CDF810E001F07BFC103662
:1029E0000028C7D1409BB8EB131F0ED20023194615
:1029F0000222204601F0B4FB014608F10108082339
:102A000005AA20460029CAD0B4E7DDF808B0039D26
:102A10000023194601222046CDE9055B01F0A0FB09
:102A200001460028A6D1082305AA204601F0D8FBBC
:102A300000289FD105EB0B01204601F0F5FB014674
:102A4000002897D1409A284602F006FA409B00954C
:102A500040A901912A462046194601F03BFC002876
:102A60003FF428AF86E723ACD1E700BF38BB0300B3
:102A7000230CF000360CF000210CF0002DE9F04F93
:102A80002DED028B164687B007321C46D308129DE7
:102A90000393002800F0BC800F46002900F0BF809F
:102AA000002C54D0BDF80C108046204601F010FADE
:102AB0000228064640F2AA8003285DD12378032B22
:102AC00040F2A480039B681C591E0123019302F06D
:102AD000C5F9019B0493019B76429AB206F0070662
:102AE0004FF0FF0A4AFA06FA08EE102A5E1E4FF669
:102AF000FF72103B5FFA8AFA2E440292059318EE99
:102B0000101A2A464046B84700287DD133780AEA91
:102B100003033370049B102B40D0BDF804302246D1
:102B20001946284601F000F9022852D0029B013BC9
:102B30000293E4D13E4B03990193284602F08EF9AB
:102B4000019B184607B0BDEC028BBDE8F08F99B22F
:102B50002A461C46B84703460028ECD1611E700780
:102B60006A5C42F080025CD16A540023184607B0C8
:102B7000BDEC028BBDE8F08F039B00F10709A3EBCE
:102B8000D90105EBD90002F069F94FEAD903B9F18F
:102B9000870F019388BF102304939CE7059B05EBE7
:102BA000030904EB030B07E0002BB6D0B84758BB72
:102BB00033780AEA03033370102319465A4648460D
:102BC00001F0B2F80346022B4A464FF0100140468E
:102BD000EAD1019B002BC8D0013DE918012315F86B
:102BE000012F13448D422B704FEA2323F7D1019B11
:102BF000013C2344022214F8011F0A449C42227023
:102C00004FEA2222F7D1B0E7034694E7094B92E757
:102C1000094B184607B0BDEC028BBDE8F08F074B9F
:102C20008FE7764206F0070632416A5489E700BF13
:102C3000010CF000320CF000250CF000140CF00038
:102C40002DE9F0438FB0884607A91746044601F0E6
:102C5000BBFF054600284ED1D4F8D050042D01D03A
:102C6000082D4ED1D4F8C4300C2B62D8B8F1000F27
:102C700045D02E1D760106AA04ABCDE9003202979D
:102C800007A905AB00222046059601F033F800287D
:102C90003CD1069B0498D4F8C42023F003030833E6
:102CA00004F1840918449200494602F0D1F8D4F89E
:102CB000C400069A04992B1D9E0002EB8002009628
:102CC0004B4620460692FFF7C1FD054650B9B8F1C4
:102CD000010F33D00346224649462046FFF77AFDCE
:102CE000B0B105462046E42102F0B8F838464FF46A
:102CF000BF5102F0B3F828460FB0BDE8F0836E0173
:102D0000B9E71B4D28460FB0BDE8F083194DE9E740
:102D1000D4F8D430012243F00103C4F8D430C4F80D
:102D2000CC2000234846C4F8C430402102F096F875
:102D3000DCE7114D28460FB0BDE8F0833146204650
:102D400002F08CF82B46224649462046FFF742FD0A
:102D50000028C6D1D4F8D430084AC4F8CC8023F473
:102D6000803343F00103C4F8D430C4F8DC20D8E742
:102D7000210CF000260CF000040CF000CDAB230178
:102D80002DE9F04F9DB0002800F03B811646002A47
:102D900000F03D810D4621B98B4658461DB0BDE877
:102DA000F08FB14F04464FF0FF31386802F076F8EB
:102DB000002840F01981AD4BD4F8DC209A4216D09F
:102DC000DFF8B8B22946304602F048F8D4F8C430EB
:102DD000002B40F00D81386802F07AF80028DCD032
:102DE000A34802F009F858461DB0BDE8F08FD4F8AA
:102DF000D430DA0740F10E81D4F8CC30113300F230
:102E00000F81D4F8D080B8F1040F05D0B8F1080FC5
:102E100002D0DFF86CB2D5E7D4F8C4200C2A00F257
:102E2000FC8004F14003029304F1840A002A00F0BC
:102E3000FD809200514604F1480002F009F8D4F8F0
:102E4000C420029908F104039B00009392005346AA
:102E50002046FFF7FBFC83460028B3D103462246F9
:102E600051462046FFF7B6FC83460028AAD104EB62
:102E700088090122D9F80C301BBA9B181BBAC9F873
:102E80000C304FEA880B16D3D9F808301BBA9B18C0
:102E90001BBAC9F808300ED3D9F804301BBA9B18F6
:102EA0001BBAC9F8043006D354F828301BBA1344AF
:102EB0001BBA44F82830002309A81946032201F060
:102EC0004FF9002840F0AF800146082307AA09A85F
:102ED000CDE9074B01F084F9002840F0A480494671
:102EE00009A801F0A1F9002840F09D80614AD4F8BA
:102EF000D4301A4200F0A2802B0915F00F0B049376
:102F000000F0998001330493CDF80CB05B469D42EC
:102F10000DD0EA1A11463046059201F09FFF059A3E
:102F20003346314609A801F097F900287BD104F116
:102F3000300B10220298594601F08AFF58461021A2
:102F400001F08CFF102306A90191CDF800B009A86B
:102F50005A461946069301F0BDF9002863D1039A39
:102F6000A81A3044594601F073FFD4F8D430DB0579
:102F700009D45A460298049B314600F01FFC834650
:102F800000287FF41FAFD9F80C30049A1BBAD3186D
:102F90001BBAC9F80C3017D3D9F8083001221BBA74
:102FA0009B181BBAC9F808300ED3D9F804301BBAE5
:102FB0009B181BBAC9F8043006D354F828301BBA42
:102FC00013441BBA44F828305146012322462046B8
:102FD000FFF700FC834600287FF4F4AED4F8CC3031
:102FE0000133C4F8CC30F1E6234801F005FFE2E6F6
:102FF0000023C4F8C43004F18400402101F02EFF06
:10300000E9E6DFF880B058461DB0BDE8F08FDFF884
:1030100078B0C2E6DFF874B0D4E6DFF874B0D1E679
:10302000DFF870B0CEE6DFF870B0CBE65046402156
:1030300001F014FF1BE71023039368E704F130034A
:1030400018461021039301F009FF039B1022194633
:1030500009A801F001F90028E5D1D4F8D43043F4EF
:103060008033C4F8D43047E70C6E0020CDAB230189
:10307000E0BA030000010100C8BA03000E0CF00022
:10308000210CF000270CF000000CF000080CF00000
:10309000040CF000070CF000360CF00070B50028AE
:1030A00049D00D46002943D0244E04464FF0FF314D
:1030B000306801F0F3FE90BB002001F083FF50BBAD
:1030C00020462A460121FFF7BBFD0446012001F0FE
:1030D00079FFB8B9306801F0FBFE50B9012001F06A
:1030E00071FF08B9204670BD154801F085FE2046E5
:1030F00070BD144801F080FE012001F063FF00283C
:10310000F0D0F1E70E4801F077FE306801F0E0FE04
:103110000028E3D0EDE70C4801F06EFED0E70B4845
:1031200001F06AFE002001F04DFF0028C8D0F2E750
:10313000074C204670BD074C204670BD1C6E002019
:1031400018BB0300E0BA0300F8BA0300C8BA0300D2
:10315000200CF000250CF00000284CD0F0B50D46F6
:1031600089B0002938D00446E42101F077FE01A996
:10317000204601F029FD10B1204809B0F0BD204FD4
:103180004FF0FF31386801F089FE80BB002001F06C
:1031900019FF40BB01A92A46204600F0B7FD0646AC
:1031A000012001F00FFFD0B9386801F091FE78B925
:1031B000002EE1D12046E42101F050FE29462046B0
:1031C000FFF76CFF0F4B002818BF184609B0F0BD81
:1031D0000D4801F011FEEBE70C4809B0F0BD0C48BA
:1031E00001F00AFEE0E70B4801F006FED2E70A48CC
:1031F00001F002FECAE70948704700BF110CF00059
:103200001C6E0020120CF000E0BA0300200CF0004D
:1032100018BB0300F8BA0300C8BA0300250CF0007D
:1032200070B5002950D0044600284AD0294E0D46DA
:1032300030684FF0FF3101F031FE002838D1002016
:1032400001F0C0FE58BB244BD4F8DC209A4213D1C5
:10325000D4F8D430DB073AD520462A460021FFF7C0
:10326000EFFC0446012001F0ADFE58B9306801F0D2
:103270002FFE78B9204670BD0120184C01F0A2FE47
:103280000028F3D0164801F0B7FD306801F020FEA9
:103290000028EFD0134801F0AFFD204670BD124862
:1032A00001F0AAFD0C4BD4F8DC209A42D0D0E3E721
:1032B0000E4801F0A1FD002001F084FE0028C2D0DC
:1032C000EDE70B4C204670BD0A4C204670BD0A4C01
:1032D000C8E700BF1C6E0020CDAB23010E0CF00030
:1032E00018BB0300E0BA0300F8BA0300C8BA030031
:1032F000250CF000200CF000080CF0002DE9F8433C
:1033000000284FD00E461446054639B1302A01D860
:10331000930723D0264F3846BDE8F883002A45D1CD
:10332000DFF8A0804FF0FF31D8F8000001F0B6FDC3
:10333000074648BB402105F1840001F08FFDA40839
:10334000D8F80000C5F8C44001F0C2FD0028E2D062
:10335000184801F051FD3846BDE8F883DFF8648075
:103360004FF0FF31D8F8000001F098FD074678B91A
:1033700005F184094846402101F070FD3146484678
:10338000224601F065FDDAE70B4801F035FDD1E793
:10339000094805F1840901F02FFD4846402101F05C
:1033A0005DFDEBE7054F3846BDE8F883044FB2E713
:1033B000040CF000E0BA0300C8BA0300250CF000CA
:1033C000030CF0000C6E002030B4029D4DB1064D90
:1033D000941EAC4202D830BCFFF750BB034830BC4F
:1033E0007047034830BC7047FDFF0700310CF00008
:1033F000300CF000E8B110B50468012C04D0022CA8
:1034000010D044B10C4810BD0C490830202201F006
:103410001FFD002010BD0A490830142201F018FDDC
:10342000204610BD07490830202201F011FD002080
:1034300010BD4FF4720070470100F200DCBB0300C6
:10344000A8BB0300BCBB0300002800F0DE80F8B579
:1034500003680E4615460446002B00F0B480013B7D
:10346000012B00F2C3806A484FF0FF31022701F0C0
:1034700015FD002840F0B080002001F0A3FD0028D9
:1034800040F0BB80634A1368002BFCD1624A13688A
:10349000002BFCD161480368002BFCD14FF0FF30BA
:1034A00001F030FD5E4B186820F0400001F030FD67
:1034B0005C485D4A5D4901230360072010600B6092
:1034C000A2F59A72A36C1360594BE16C51601F60B6
:1034D00023685BB1013B012B17D8564B626A1A6017
:1034E000226A43F8042CE26943F8082C524BA26983
:1034F0001A60626943F8042C226943F8082CE268D8
:1035000043F80C2CA26843F8102C434A1368002B94
:10351000FCD1002D53D06368012B04BF474A1360D0
:10352000474A484B166040201D6001F0F7FC3A4ABC
:103530001368002BFCD1394A1368002BFCD1236897
:103540005BB1013B012B17D83A4A3F4B12686262CC
:103550001A682262043B1B68E361374A3B4B1268DE
:10356000A2611A68626153F8042C226153F8082C96
:10357000E2600C3B1B68A360354A364B1268A264BC
:103580001B682A4D2D483449E364234A0023012453
:103590002C6003600B601368002BFCD12149204A8A
:1035A0000B60106840F0400001F0B2FC012001F017
:1035B00009FD30BB164801F08BFCC8B9F8BD264B9D
:1035C00004221A60B3E712484FF0FF31012701F0DF
:1035D00065FC00283FF450AF204801F00DFC0020AE
:1035E00001F0F0FC00283FF44DAF06E01C48F8BDA8
:1035F0001C4801F001FC0020F8BD1B4801F0FCFB59
:1036000040E71A4801F0F8FBD4E74FF47200704726
:10361000246E00201CB9025010B9025020BC025088
:1036200004BA025018B8025000B90250C4B7025090
:10363000C0B702505CB6025050B6025084B6025079
:1036400028BC02502CBC025058B602504CB6025056
:10365000CCB70250D0B70250C8B70250C8BA030066
:103660000100F200E0BA0300F8BA030018BB03003F
:1036700000283BD0F0B482B0436A0193836893FA88
:1036800083FC019BD0E90712D0E90376D0E9055409
:103690001BBA4362436C019309BA836AC16112BACF
:1036A00002623FBAD0E90F1236BA2DBA24BAC0E985
:1036B00002C7C0E90465C76A066B456B846193FA6B
:1036C00083FC846B019B3FBA36BA2DBA24BA09BA7F
:1036D00012BA1BBAC0E90AC7C0E90C65C0E90E41BD
:1036E000C0E91023002002B0F0BC70474FF4720014
:1036F000704700BF38B504464FF4806001F00EFCFF
:10370000054D06480649074A00232B6003600B68F5
:103710002360136038BD00BFC8B102502CB1025005
:1037200004B1025008B102500138072805D8DFE87B
:1037300000F00A0E041204040406094870478B695D
:103740008B6000207047CB688B60002070470B694E
:103750008B60002070474B698B600020704700BF72
:10376000310CF1000B6802E0082B0B6006D84268B0
:1037700013424FEA4303F7D00020704700487047D8
:10378000310CF100084B094A002119601368002B25
:10379000FCD107480749084A03604FF480604FF0A6
:1037A000FF330860136070472CB1025010B902500B
:1037B000C4B1025008BA025008B10250012BF8B54A
:1037C00016461CD010221D460C4601F029FBE0B124
:1037D000AF1E314604EB0710102201F021FBA0B10F
:1037E000022D0ADD0025204610342146102201F06A
:1037F00017FB013548B1BD42F5D10020F8BD114697
:10380000102201F00DFB0028F7D10148F8BD00BFE0
:10381000020CF000002877D0F8B50C46002971D0D2
:103820001D46002B6ED0064622B1012200232A60DD
:10383000C0F8D8302B68002B62D029462046FFF70D
:1038400091FF00285BD128682146FFF76DFF002813
:1038500055D1364B3649374A01271F609C460F60C9
:10386000CCF80070A368136011688B42F8D1324F16
:103870003249334A334B4FF0000CC7F800C00427DD
:103880000F600A2111606FF03A021A60079B012B4A
:103890004FF080533AD0D3F8002C013243D0D3F804
:1038A000002C294BA3FB02321209A368274C28499C
:1038B000284F03FB02F303EB4303DB039B09236065
:1038C000254B2C680C601A60069A244C3A604FF421
:1038D0008062226001224FF0FF3441F8C44C43F86B
:1038E0000C2CD6F8D8302A6823F07F4343EA0263D1
:1038F000C6F8D8302A6843EA0223C6F8D830F8BDA3
:103900001748F8BD1748F8BD16487047D3F80C2C77
:10391000013206D0D3F80C2C0B4BA3FB0232FA4039
:10392000C3E71622C1E70622BFE700BFC4B10250B9
:1039300040B1025030B102502CB102500CB10250D3
:1039400038B1025000B10250ABAAAAAAD8B10250B5
:10395000CCB10250D0B10250D4B1025008BA0250DA
:10396000310CF100350CF100F0B4C900002401F174
:10397000FF3C2646274606E09F4216D001266545B5
:1039800019D82C461F46630904F01F0150F8233054
:103990001F2923FA01F304F1010518BF03F0010305
:1039A000002CE9D101263546EBE701369642E6D1F7
:1039B0000248F0BC70470020F0BC7047360CF100A4
:1039C000002861D02DE9F0414C1EB4F5047F27D2C8
:1039D00033B32AB3CD00012B05F1FF3E30D00021D7
:1039E0008C460F460E4603F1FF384C0901F01F05C7
:1039F00050F824401F2D24FA05F418BF04F00104E8
:103A000021B90126B44631462746EEE7B34213D02A
:103A1000A74201D10CF1010C464504D1624502D206
:103A20001A48BDE8F0813C4601318E4506F1010699
:103A3000EAD20020BDE8F08100264FF0010CF3E748
:103A40000026B44637463446610904F01F0350F897
:103A500021101F2B21FA03F118BF01F001013CB125
:103A60005FB98C4501D0614608E00136614605E04A
:103A7000012634468C460127E6E73E46B242CFD3C4
:103A80000134AC42F6D1D4E700487047370CF1005E
:103A90002DE9F04F89B01D46149BDDF84CA004467B
:103AA0000E4617464BB94FF08053D3F8002C013225
:103AB00000F0A980D3F800BC08E04FF08053D3F8A1
:103AC0000C2C013200F0A280D3F80CBC7C480AF523
:103AD000C1622A60129A00234FF0FF31136001F097
:103AE000DDF9002840F08680764A774B77491060F0
:103AF0000432196013680693069BD907FAD5714AF8
:103B0000714B002111601B680793043213680793FF
:103B1000079BDB07FAD56C4B6D4A1B680793DDF8F2
:103B20001C9013680793079BD807FAD5644801F0E7
:103B3000CFF900285AD1654B994540F0B680D4F8AA
:103B4000D43013F400790ED1D90512D52B68129A0E
:103B50001B6813603BB1D4F8D4309B055BD5484655
:103B600009B0BDE8F08FDFF87C91484609B0BDE8A8
:103B7000F08F002F00F08780564A574B1168B268CB
:103B80001B689A4245D10A2943D194F8DB3005934A
:103B90000AF5C26A042500274FF0805804A8FFF7F1
:103BA000A9FD0498820602D510F01A0039D0D4F885
:103BB000D810059A0B0A03F47F030B4323F07F43CD
:103BC000082AC4F8D83077D0149B4FEA420CCDE9CC
:103BD0000073002205AB31462046CDF814C0FFF734
:103BE00019FE00285FD1013DD8D1B4E73B4801F070
:103BF00003F9A0E73A48DFF8F09001F0FDF84846F5
:103C000009B0BDE8F08F4FF0900B5FE74FF4047BF5
:103C10005CE7DFF8D890FFF7B5FD484609B0BDE88E
:103C2000F08F129B5246C3F800B0594600F0FEFFD9
:103C3000002838D1D8F8043C129A013318BFD8F8BC
:103C4000043C116808BF51230293D8F8083C0133A3
:103C50002ED0D8F8083C03934B1EB3F5047F0FD247
:103C6000029A02915046FFF77FFE48B90299039AE3
:103C70004FF480635046FFF7A3FE00283FF46BAF7C
:103C8000129B1F6093E723F00F03C4F8D430149BFA
:103C90000122CDE90093314605AB2046FFF7BAFD7E
:103CA00000283FF475AF814655E7DFF83C9056E7B2
:103CB00040F237330393CFE7DFF834904BE700BF90
:103CC000246E002004BF025000BF025012FA12FA04
:103CD00008BF025038B1025030B10250E0BA0300C0
:103CE000C8BA0300330CF000350CF000300CF100C2
:103CF000320CF10030B4DDE90234049D029400245A
:103D0000CDE9035430BCFFF7C3BE00BF10B586B089
:103D100005AB0124CDE901240093002204ABFFF799
:103D2000B7FE06B010BD00BFF0B4441831B114F8AE
:103D3000015D4E1E15B931460029F8D1D41833B1B2
:103D400014F8015D5E1E45B93346002BF8D10D1EF7
:103D500018BF01252846F0BC70478B4222D325D8D6
:103D60004C1EA64228BF2646002E23DB013694199E
:103D70000025821904E0012D38BF012590420BD0A7
:103D800012F8016D14F8017DB742F4D3F6D9002D75
:103D900008BF02259042F3D18B4218BF0025284668
:103DA000F0BC704701252846F0BC70470225284624
:103DB000F0BC70470025EFE79942F0B50DD801EB54
:103DC00003044FEA540467D3002C7DD04FF0000C5D
:103DD000171F2146051F624632E003F1804C0CF1AB
:103DE000FF3C051F002600EB8C0C05EB810E3446D2
:103DF0005CF8047FE64546EA0706F9D116F1FF377D
:103E000044F1FF3C6FEA0C0C99420CF0010C3ED2DD
:103E100001F1804E0EF1FF3E171F02EB8E0507EBFE
:103E2000830355F8042FAB4246EA0206F9D116F196
:103E3000FF3644F1FF32D24302F0010291B3051F75
:103E4000002305EB810E28463C46194650F8046FC6
:103E500054F8045FAE4218BF002103F0010318BFFD
:103E6000002388BF41F0010138BF43F001038645BC
:103E7000ECD1A9B182F00100BCF1000F00D10840E3
:103E80008CF0010402B91C4000EB4400F0BDC3B14A
:103E9000171F19460022D3E700263446B446B7E779
:103EA000002BE7D1BCF1000F03D132B160461446BC
:103EB000EAE782F001000023E2E7104613461446C9
:103EC000E1E760461C46DEE720462346DBE700BF0D
:103ED0004218084630B112F8013D411E1BB9084690
:103EE0000028F8D170471A064FEAC00018D45906C6
:103EF00000F1FF3215D49906A0F1020211D4D906BF
:103F0000A0F103020DD41907A0F1040209D4590746
:103F1000A0F1050205D49B07A0F1060201D40738E1
:103F200070471046704700BFA1B100EB810001E06F
:103F300001390FD050F8043D002BF9D04801A0F111
:103F4000200202E00138904206D0002B4FEA4303E2
:103F5000F8DA704708467047704700BF78B110B56F
:103F60000368032B044601D0064810BD06494022D1
:103F7000083000F06DFF054BA365002010BD4FF425
:103F8000720070470100F200FCBB03007856341247
:103F900000283CD02DE9F0431E4B9046826D9A429A
:103FA000A1B0064603D01C4821B0BDE8F083D0F88C
:103FB0005C90B8FBF9F707FB09F30C460422D90023
:103FC000483003F03BF814F0030514D0C1450ED877
:103FD000F26D00252146684600F03AFF69463046FA
:103FE00003F072F80135F26DAF421444F2D80020AC
:103FF00021B0BDE8F083C145F9D82146304603F031
:1040000063F80135F36DAF421C44F6D8EFE74FF487
:1040100072007047785634120200F200002800F057
:1040200098802DE9F0414C4B826D9A42E0B0804679
:1040300003D04A4860B0BDE8F081016E00F1480548
:104040002846C900042202F0F9FFD8F8543020A80D
:104050004FF4807200211CBA00F0FEFED8F85C20FC
:10406000E308B3FBF2F402FB1434141B102C98BFCA
:10407000A41820ABA4F11000184429461022802572
:104080008DF8805000F0E4FE2A46684608F164018D
:1040900000F0DEFED8E917230DEB05010DEB030060
:1040A000D21A00F0D5FED8E91753ED1AADB2694621
:1040B000404603F009F8A5423FD3D8E90641D8E9C4
:1040C0000823D8E90207D8E9046500BA3FBA24BA40
:1040D00009BA12BAC8E9027036BAD8F83400C8F87A
:1040E0001C402DBAD8F83040C8F818101BBAC8F8D0
:1040F0002420D8E90F12D8F83870C8F81460C8F82E
:104100001050D8F82860D8F82C50C8F82030D8F8CB
:10411000443024BA00BAC8E90C0436BA2DBA3FBA02
:1041200009BA12BA1BBA0020C8E90A56C8E90E1724
:10413000C8E9103260B0BDE8F08120AB591968467B
:10414000D8F85C2000F084FE6946404602F0BCFFCF
:10415000B3E74FF472007047785634120200F20051
:1041600078B3032A70B50E461546044601D9052AD0
:104170001CD1012E18D8ABB9022D19D0052D17D09E
:104180004C21204600F06AFE052D88BF4FF0FF321B
:1041900013D900200123C4E90826C4E90B00C4E9AF
:1041A0000D3370BD094870BD094870BD094870BD28
:1041B00056B94C21204600F051FE074B53F82520FC
:1041C000E7E74FF470007047044870BD0E00F00040
:1041D0000600F0000200F0003CBC03001200F000FA
:1041E000C8B110B50C4682B18CB9082B0DD15368FB
:1041F000102B0ED1136843B101238362D2E9001260
:10420000103000F025FE204610BD044810BD0448C3
:1042100010BD044810BD4FF4700070470400F0005A
:104220000500F0000300F00070B108B5036A013B1F
:10423000022B05D831B1102200F00AFE002008BD83
:10424000034808BD034808BD4FF47000704700BF25
:104250000200F0000100F00038B349B31AB338B5DA
:1042600012F00F051BD1046A24F00404032C01D0C2
:1042700003B31D4613462A4602F054F858B1A0F580
:104280007100052818D8052816D8DFE800F00503C6
:104290000A0303080A4838BD4FF4700038BD0948C6
:1042A00038BD094838BD074870474FF47000704763
:1042B00006487047064838BD4FF4750038BD00BF4A
:1042C0000200F0000A00F0000600F0000800F00014
:1042D0000900F000F8B5079F48B30E460546002ACE
:1042E00035D0994239D8002F41D02B6A23F00401F0
:1042F000032906991FD0002932D03968B14233D33F
:10430000300703D0012B1CD8EB6A23B31146334688
:10431000069A284602F012F9044660B3A0F571042B
:10432000052C37D8DFE804F00310251010174FF4E0
:1043300070042046F8BDA9B139680F2914D9310796
:10434000E4D0032BE2D1DFE7144C2046F8BD00296E
:10435000C9D0134CEDE7134CEBE7134C2046F8BDE6
:10436000002ED3D0114CE4E7114C2046F8BD114C7F
:10437000DFE7114CDDE72B6A23F00403032B01D0A8
:104380003E60D6E706982946102200F061FD102312
:104390003B60CEE74FF47504CBE700BF0200F000AE
:1043A0000800F0000A00F0000C00F0000900F00026
:1043B0000D00F0001100F0000600F0002DE9F84FAC
:1043C0001E460A9B002B6AD00D4600296FD004467A
:1043D00000287DD0022E5ED816B10B9B002B79D021
:1043E000D4F8B872B7F5107F4CD8D4F8BC127B1C47
:1043F000994247D895F80090B9F1070F53D8B9F111
:10440000050F50D009F006030737022B4FEAD707F4
:104410003CD07B00013393423BD10A9807F1030B58
:104420004FF45D7100F1040A2BF0030800F016FD53
:10443000414650463B466A1C00F01EFE002838D11B
:104440004FEA9B0B5B46594622465046FFF7B4FCA9
:10445000022855D119F0040F3ED10A9B214603F1E1
:1044600094004FF4377200F0F3FC4946504600F0D8
:104470009FFE0446002845D1022E45D00A9A264BBD
:1044800013601CE0254C2046BDE8F88F7B1C93424E
:10449000C3D0234CF7E7234C2046BDE8F88F224CCD
:1044A0002046BDE8F88F214C2046BDE8F88F204C0F
:1044B000E9E7204C0A984FF45D7100F0CFFC0B9BAC
:1044C000002BE0D04FF46371184600F0C7FCDAE728
:1044D000194CD8E7194CD6E70A9B7A1C4C33414655
:1044E000184698462A443B4600F0C6FD0028E0D115
:1044F00040465B4659462246FFF75EFC0228ACD098
:104500000C4CC0E70E4CD5E70B99504600F02EFF3F
:104510000028B3D00446CDE7010000EC9508F00078
:104520000F08F0001108F0000E08F0000708F00076
:104530000D08F0001008F0000208F0001208F0006A
:104540003008F0002DE9F04383B0019300283DD0FE
:104550001646002A67D002681F46354B9A42044629
:104560001BD18FB3052914D0072912D8D0F84C33AA
:10457000C56C21F0020203F10709042A03F11F03AD
:104580004FEAD9094FEA531305F0010522D0022959
:1045900007D0284803B0BDE8F083274803B0BDE842
:1045A000F0833A6809F1010842453ED3304645F0B0
:1045B000020500F8015B9B00221D494600F0B2FD98
:1045C00048BBC7F80080E5E71C48E3E71C4803B098
:1045D000BDE8F0833A684FEA490808F1010842450E
:1045E00023D3042930460CBF0D4645F006059B0039
:1045F00000F8015B221D4946019300F093FD50B97C
:1046000009F10100019B04F14C023044494600F0DD
:1046100089FD0028D5D03046396800F01FFC002302
:1046200008483B60B6E70848B4E70848B2E700BF6F
:10463000010000EC1508F0001A08F0001708F0005F
:104640001408F0001B08F0001608F0001808F0002D
:104650002DE9F04782B0DDE90A98002A5CD01D46BA
:10466000002B5ED0B9F1000F5DD0B8F1000F5CD027
:10467000074600285BD08A46002948D014461846D1
:104680004FF44C7100F0EAFB4FF45D71484600F0C6
:10469000E5FBD4F8BC621F367609B200013E04F196
:1046A000D801404605EB860600F0D2FB002373607C
:1046B0002B1DD4F8BC220093514638464346FEF7E2
:1046C00083FE0646C8B128464FF44C7100F0C6FB85
:1046D00048464FF45D7100F0C1FB0C9B23B140F6DE
:1046E0006811184600F0BAFB40464FF4537100F0D1
:1046F000B5FB304602B0BDE8F087204643464A4647
:10470000294603F047FD06460028E6D0DBE7094EC0
:10471000304602B0BDE8F087074E304602B0BDE833
:10472000F087064EE5E7064EE3E7064EE1E7064E64
:10473000DFE700BF9008F0000208F0000308F00077
:104740000408F0000508F0009108F0002DE9F041A0
:10475000002940D016461F460A682B4B9A420C4649
:1047600031D1054600283AD00268013B9A422ED149
:10477000002E45D0002F45D0069BB3B300F1940125
:104780004FF4377204F1500000F04AFB0435211D4C
:1047900068BBD4F808333A680733B2EBD30F4FEA5B
:1047A000D3081ED3069B2846324600F00FFE04466F
:1047B000F8B9C7F8008006984FF4537100F04EFB2B
:1047C0002046BDE8F081114C2046BDE8F081104C38
:1047D0002046BDE8F0810F4C2046BDE8F0810E4C2C
:1047E000F2E70E4CC7F80080EEE70D4CECE70D4CFD
:1047F000EAE73968304600F031FB00233B60DAE736
:10480000094CE1E7094CDFE7020000EC3408F00056
:104810003208F0003308F0003108F0003808F000EA
:104820003708F0003A08F0003508F0003608F000CC
:104830002DE9F04F85B0109F08B30C46F9B116462C
:10484000EAB19A460E9BD3B1CFB1054603F024FFDF
:104850002268436AB2EB830F80464FEA830909D38B
:104860000F9B994506D1D0F88C30BAEB830F4FEAF5
:10487000830209D0324B184605B0BDE8F08F314BAA
:10488000184605B0BDE8F08F131F07F1400A314606
:104890003846009300F076FC0E994A46504600F0E8
:1048A00071FC009A3968BB58CDE9011323F04043ED
:1048B00043F08043BB503B6807F1200B23F0070314
:1048C0003B60524658464346394602F07BFB039014
:1048D000002832D1009A0198029B3860BB5059469B
:1048E000D8F82420284600F05DFC039BC4F8009013
:1048F000BE4205D049463846009300F0AFFA009B0F
:104900005D4505D058464946009300F0A7FA009B44
:104910000E9A524505D049465046009300F09EFA43
:10492000009B009307F160004FF4807100F096FA4D
:10493000009B184605B0BDE8F08F034BD8E700BFD9
:104940003123F0003023F0003423F0002DE9F04F44
:1049500085B00E9F002854D00C46002951D0164631
:10496000002A4ED0002F4CD09A46054603F094FE04
:104970002268416AD0F88C30B2EB810F80464FEA52
:1049800081094FEA830337D39A4535D1AAF1040B45
:1049900052463146384600F0F5FB57F80B303A687E
:1049A000CDE9012323F0404343F0804347F80B3027
:1049B0003B6807F1200A23F007033B60504643465B
:1049C00008F12802394602F0FDFA0390F0B1174BC6
:1049D000BE4205D038464946019300F03FFA019B9C
:1049E00055450AD050464946019300F037FA019BDD
:1049F000184605B0BDE8F08F0D4B184605B0BDE870
:104A0000F08F0C4B184605B0BDE8F08F0199029B62
:104A1000396047F80B305146D8F82420284600F07A
:104A2000C1FB039BC4F80090D2E700BF3423F00021
:104A30003123F0003023F0002DE9F04782B0002A46
:104A400037D01E46002B34D0804690B30F4681B33A
:104A50000A9B73B30C9B63B30B9B002B43D0144690
:104A600003F01AFE3268D0F88C30B2EB830F4FEAB5
:104A7000830A3AD33B68534537D3436A0A981FFAEF
:104A80008AF122464FEA83090B9B98470546A8B155
:104A90000C984FF4B07100F0E1F94946404600F03F
:104AA000DDF92046514600F0D9F9284602B0BDE8AC
:104AB000F087104D284602B0BDE8F0870C9BC7F880
:104AC000009039460093224653464046FFF73EFF8A
:104AD00005460028DCD10C98C6F800A04FF4B07150
:104AE00000F0BCF9E6E7044DE4E7044D284602B0C7
:104AF000BDE8F0873023F0000523F0003123F000FB
:104B00002DE9F04F83B060B30C4651B3174642B362
:104B10001E4633B30E9B23B30C9B13B30D9B002B8C
:104B200037D0054604F08EF82168426AB1EBC20F17
:104B300081464FEA820A4FEAC20B2DD332685245B2
:104B40002AD3DDE90C030E9A1FFA8AF198478046B2
:104B500068B10E98514600F081F9404603B0BDE8B7
:104B6000F08FDFF84080404603B0BDE8F08F0E9B29
:104B700003F1200200924B460E9A2946384602F075
:104B80009DF980460028E4D1C4F800B0C6F800A022
:104B9000DFE7DFF81480E0E7DFF81080404603B07D
:104BA000BDE8F08F0023F0000523F0000123F000A2
:104BB0000B2804D8034B53F8203003B118470020CA
:104BC000704700BF30C6030030B5042285B0012312
:104BD000C0F8D0200B6068460023CDE90033CDE952
:104BE00002330C4600F04EF80546C8B9DDE9003046
:104BF000DDE90212E360003BC4E9040118BF0123B0
:104C0000A26108B143F0020309B143F004030AB101
:104C100043F00803002228466360A26005B030BD5F
:104C2000014800F0E9F8E1E754BC030030B585B075
:104C300004460D46104803924FF0FF3100F02EF964
:104C4000039A68B9204600950123002102F0D8FCA0
:104C50000446094800F03CF938B9204605B030BD9B
:104C6000064800F0C9F8039AECE7054800F0C4F8DC
:104C7000204605B030BD00BF246E0020C8BA030036
:104C8000E0BA030000234FF4FA714FF47A72C0E9DE
:104C900000228160C3601846704700BF10B500F065
:104CA00039F8A0B900F026F920B1032400F078F813
:104CB000204610BD00F086F9034680B90D4A1268FF
:104CC000120EF02A06D0052400F01AF9EEE70424AB
:104CD000204610BD0849094A0968914201D00624BE
:104CE000F2E7074A0120136000F06CF9044600283F
:104CF000DED0E8E728B9025024BA02500000E020D4
:104D00000CBA025008B500F0FBF8BDE8084000F00E
:104D100047B800BF08B5184800F0A4F898B917487C
:104D200000F0A0F8B8B9164800F09CF8D8B9154BB7
:104D3000124A15481A6000F095F8C0B9134B124A90
:104D40001A60002008BD124800F056F80B4800F029
:104D500089F80028E7D00F4800F04EF8084800F026
:104D600081F80028E3D00C4800F046F8DFE70B4854
:104D700000F042F8E2E700BF246E0020146E00202D
:104D8000206E00201C6E0020186E00200C6E00208B
:104D900084BC0300A0BC0300BCBC0300DCBC03005B
:104DA00008B500F03BF80F4800F06AF804210D4800
:104DB00000F054F80C4800F063F80B48042100F0B0
:104DC0004DF80A4800F05CF840B9094800F058F87E
:104DD000BDE808400648042100F040B8054800F04E
:104DE0000BF8F2E7246E0020146E0020206E0020E5
:104DF000186E0020BCBC0300BFF34F8F0549064B63
:104E0000CA6802F4E0621343CB60BFF34F8F00BF68
:104E1000FDE700BF00ED00E00400FA05704700BFA9
:104E2000A2B1013A30B401398518421E002012F8AF
:104E3000013F11F8014F954283EA040340EA030061
:104E4000F5D1003818BF012030BC704710467047BC
:104E5000FDF7F1BAFDF7D2BAFDF716BB0A460021FD
:104E6000FDF712BB10B5044610B10020206010BD44
:104E70000248FFF7C1FF0020206010BDFCBC03000A
:104E800010B5044610B10020206010BD0248FFF7A5
:104E9000B3FF0020206010BDFCBC030010B5044629
:104EA00080B10123BFF35B8F54E8002F44E8003149
:104EB0000029F9D1BFF35B8F012AF3D0BFF35F8FD5
:104EC000002010BD0148FFF797FFEAE720BD03006F
:104ED00010B5044620B1BFF35F8F0020206010BDE5
:104EE0000348FFF789FFBFF35F8F0020206010BDEC
:104EF00040BD0300014B002018607047046E002085
:104F000000207047014B1860704700BF08BA02507C
:104F1000014B1860704700BF04BA025010B5044638
:104F200082B0C0B1124A134BC14311601B68019398
:104F3000019B18420AD1104A20BFBFF35B8F136850
:104F4000BFF35B8F0193019B2342F5D00B4B1C6099
:104F5000019802B010BD0A48FFF74EFF044A054B06
:104F60004FF0FF3111601B680193019BE3E700BF25
:104F700004BA025000BA0250046E002008BA02506F
:104F800060BD03000B490C4B0C4A4FF0FF3008602A
:104F90001B68BFF35B8F52E8001F42E80030002817
:104FA000F9D1BFF35B8F9942F3D1BFF35F8F044A0E
:104FB0001360704704BA025000BA0250046E002019
:104FC00008BA025038B54FF0FF3104461E48FFF7CB
:104FD00065FF08BB1D4A54B11368C3B1012B1CD037
:104FE000013B1360BDE838401748FFF771BF1068F8
:104FF00058B9174C174B18490125C4F800554FF400
:1050000080645C600B68002BFCD101301060BDE84F
:1050100038400D48FFF75CBF38BD0F490B68002BC7
:10502000FCD10B480B49C0F800354FF48063C1F840
:105030008430BFF34F8FBFF36F8F084B6FF07E410B
:1050400019601368CCE700BF206E0020086E0020B6
:1050500000A0025000E100E010B9025004BA025072
:105060003AB10A44013812F8013D00F8013F8A4282
:10507000F9D10020704700BF002A48D02DE9F04147
:105080000446002845D015465A1E053234D811F082
:10509000030631D18B422FD8CF1C27F003028A425E
:1050A00032D8A2EB030840441A462946FFF7D2FE45
:1050B000414620464FEA9708FFF7D0FEB8F1010FAE
:1050C0001DD0FF0804EB87000438231F04EB88057C
:1050D00053F8042F55F8041D12BA09BA8342196017
:1050E0002A60F5D118F0010007D054F827301BBA18
:1050F00044F82730002000E00748BDE8F08123682D
:105100001BBA30462360F8E70448BDE8F081044844
:1051100070470348F1E700BF050DF000090DF000EE
:10512000040DF00030B40AB300B3DBB113F0030593
:1051300018D18B4216D3A9B1904208D002D913449A
:10514000984217D3904202D243189A4212D911447E
:10515000431E11F8014D03F8014F8A42F9D1284648
:1051600030BC7047044D284630BC7047034D28467C
:1051700030BC7047024DF6E7050DF000040DF0005D
:10518000060DF00088420CD030B413466FF0404555
:10519000033305EB9303002540F8235030BCFFF7A1
:1051A00059BE7047814202D09200FFF753BE70474C
:1051B000F0B50446D0F848038DB000F11F06202357
:1051C000B6F5187F00937ED20F46694601F0F0FBDA
:1051D000054610B128460DB0F0BD7609334604F1FE
:1051E0009002012101F024FD01210846052304F568
:1051F000127201F01DFD334622460121022001F00A
:1052000017FD334604F1D8020121042001F010FDFE
:1052100004F5907233460121052001F009FD424A50
:1052200013680193019BDB07FAD5404B40493E4A86
:10523000196013680293029BD807FAD53B4B3D498E
:10524000394A196013680393039BD907FAD5374B82
:105250003949354A196013680493049BDB07FAD572
:10526000324B364A1A6007F00603022B2FD004F1A6
:10527000480233460121032001F0DAFC2A4A136870
:105280000593059BDC07FAD5284B2D49264A196062
:1052900013680693069BD807FAD5244B29492A4A56
:1052A000196013680793079BD907FAD5274A284B3B
:1052B000126812F4805F08BF1D46009801F062FC7E
:1052C00028460DB0F0BD234D28460DB0F0BD02F0CC
:1052D00011FB002826D01C4A13680893089BDB07A3
:1052E000FAD51D4B184A196813680A930A9BD80708
:1052F000FAD51A4A1A4B11601B680993099B5F4043
:10530000F90708D5343A13680B930B9BDB07FAD5E2
:10531000064B144A1A60314604F14800032201F09A
:105320005BFCCAE7104DC8E7B0B0025080B0025035
:105330008021088880411831806108880051183127
:1053400080310C8800681051B4B0025088B002500F
:105350001008F0000F08F0000CB00250E4B002504A
:10536000DCB00250C03000294021F00070B5D0E917
:10537000D2421F3484B0640900F148030D4601EBAA
:1053800084061F3201EBC4010391009300F5B47150
:105390000346CDE901565209903000F0D3FE70B9B2
:1053A00030462146FEF7C0FD30B921462846FEF7BB
:1053B000BBFD08B904B070BD024804B070BD02481E
:1053C00004B070BD1008F0003008F0002DE9F04383
:1053D000D0E9D2451F3485B0640903EBC40E1E46E4
:1053E00003EB84071F3500F148030093CDE9027EEB
:1053F00003460196904690306A0900F0A3FE0546E8
:1054000040B130464FF45371FFF728FD284605B0F0
:10541000BDE8F08338462146FEF786FD60B121469F
:105420003046FEF781FD38B14FEA84094A464046CE
:105430003146FFF715FEE4E7004DE2E72008F100F2
:105440002DE9F04F97B0DDE920744FEA043E4EEAB3
:10545000844E4EEA83149D4D44F0045C9C012E68FA
:105460000096009EF607FAD5229DDFF86482974EDB
:10547000C8F800C0920142EA834242EA053545F08D
:1054800010454FEA834832680192019AD207FAD553
:105490008F4ADFF838C215604EEA811E4EF0104E7A
:1054A0008E01DCF800200292029AD507F9D53D035F
:1054B00045EA8745864A854FC2F800E044EA050977
:1054C00049F004593A680392039AD207FAD5804A00
:1054D000DFF8F8E1C2F8009044EA033C48EA0C0720
:1054E00047F004574FEA033ADEF800200492049A8A
:1054F000D207F9D5764ADFF8D4E117604CEA814942
:1055000049F010498F04DEF800200592059AD20771
:10551000F9D56F4ADFF8B4E1C2F8009045F01045C4
:1055200045F48075DEF800200692069AD207F9D578
:10553000DFF89CE1674ADFF89491CEF8005042EA28
:1055400080124FEA801ED9F800500795079DED079D
:10555000F9D5DFF87CB1DFF884915C4DCBF8002001
:1055600049EA00394FEA003B2A680892089AD207B4
:10557000FAD5574DC5F80090239A574D45EA824910
:10558000524A12680992099AD507F9D5504A4F4DE7
:10559000C2F800904CF0245949F400192A680A9284
:1055A0000A9AD207FAD54A4D484AC5F800904EEA01
:1055B000030343F0484343F4821315680B950B9D96
:1055C000ED07FAD54EEA0B05DFF804E13F4ACEF8C5
:1055D000003045EA080545F0045513680C930C9B10
:1055E000DB07FAD53A4B394A1D604CEA804040F05F
:1055F000045013680D930D9BDD07FAD5344BDFF88B
:10560000E0C0324A18604AEA0C0C13680E930E9BF5
:10561000D807FAD52E4B2D4DC3F800C047EA013705
:1056200046EA070C4CF004500A032B680F930F9BBB
:10563000DB07FAD5264B254D18604CF0104C2B6833
:105640001093109BDB07FAD5214B204DC3F800C007
:105650002B681193119BDB07FAD51D4B1B4D18606E
:10566000274347F004572B681293129BDB07FAD5A8
:10567000174B16481F60239B44EA080444EA03348E
:1056800044F0104403681393139BDD07FAD5104BC5
:105690000E481C60324342F0245242F41012036858
:1056A0001493149BDC07FAD5094B08481A600E4383
:1056B00046F0484646F4A21603681593159BDB078F
:1056C000FAD5034B1E6017B0BDE8F08FB0B00250A2
:1056D00080B0025000401021004100210001102143
:1056E000400128292DE9F04F9FB0AF4F2D9D289EF6
:1056F0002C0344EA854C4CEA831C4FEA854E019406
:105700004CF0104C9D013C680494049CE407FAD5CD
:105710004FEA801BA54F4BEA033848EA8646DFF87C
:105720008882C7F800C046F010461F03D8F8004032
:105730000594059CE407F9D5DFF87082DFF868C2AC
:105740004BEA00340294C8F8006044F0245848F44E
:105750000018DCF800400694069CE607F9D5DFF84F
:105760004C92914EC9F8008045EA070C4EEA0C0EA7
:105770004EF0104E34680794079CE407FAD5299C34
:10578000DFF82892DFF82082C9F800E047EA8116A6
:1057900046EA84468C0146F010460094D8F8004052
:1057A0000894089CE407F9D5009CDFF80082DFF834
:1057B000F891C8F8006044EA013E4EF0245848F4DD
:1057C0000018D9F800400994099CE607F9D52A9CED
:1057D000DFF8D891744EC9F800804FEA043A4AEADB
:1057E000844A2A9C4AEA050A4AF0104A4FEA844948
:1057F00034680A940A9CE407FAD52B9C47EA84464D
:1058000006430396694E684CC6F800A0039E46F016
:10581000484A4AF0C00A26680B960B9EF607FAD54E
:10582000624C614EC4F800A049EA0C0A4AF0104AE2
:1058300034680C940C9CE407FAD52C9C47EA844607
:105840000E430396594E584CC6F800A0039E2E43B3
:1058500046F0484A26680D960D9EF607FAD5019C3B
:1058600044EA8216514C46EA09094F4EC4F800A09A
:1058700049F010494FEA821A34680E940E9CE407EE
:10588000FAD54A4C484EC4F800904AEA824A4AF097
:10589000104A4AF4405A4FEA824934680F940F9CE8
:1058A000E407FAD5414E404CC6F800A02668109691
:1058B000109EF607FAD53D4EDFF8F8A03A4CC6F830
:1058C00000A026681196119EF607FAD5374EDFF82C
:1058D000E8A0354CC6F800A026681296129EF6077E
:1058E000FAD5324EDFF8D4A02F4CC6F800A04EF007
:1058F000104E4EF4402E26681396139EF607FAD5E6
:105900002A4E2B4CC6F800E044EA804E3036800424
:1059100034681494149CE407FAD547EA8347DFF807
:105920008CA0214CCAF800E04BEA070646F0484636
:1059300046F003064FEA834A23681593159BDB075D
:10594000FAD5DFF868E0184CCEF80060029B43F00F
:10595000045646F4801623681693169BDB07FAD587
:10596000124CDFF844E02660DEF800301793179BF6
:10597000DC07F9D50D4CDFF830E0266040F004502C
:1059800040F48240DEF800301893189BDB07F9D50D
:10599000009B054C4AEA01011943044B41F0484180
:1059A000186041F480410BE0B0B0025080B002506A
:1059B0000041009000310C90C0400C90C030202974
:1059C00023681993199BDE07FAD5194B19481960FA
:1059D00003681A931A9BDC07FAD5154B1549C3F8CF
:1059E000008049EA02322A4342F010420B681B93BE
:1059F0001B9BD807FAD50E4B0E491A602F4347F070
:105A000010470B681C931C9BDA07FAD5084B094A10
:105A10001F604CF0104141F4301113681D931D9B21
:105A2000DB07FAD5024B19601FB0BDE8F08F00BF4D
:105A300080B00250B0B002502DE9F04F99B0DFF8BD
:105A400070C2269C239D270347EA844949F01046EB
:105A500046F0800699464FEA844EDCF80030019308
:105A6000019BDC07F9D5914B914C1E604FEA8949A7
:105A700049EA801949F0104646F400564FEA801A68
:105A800023680293029BDB07FAD5884B884C1E6083
:105A90004AEA003C4CF0245646F40016236803936F
:105AA000039BDB07FAD5814B814C1E604EF01046FC
:105AB00046F4025623680493049BDB07FAD5229B25
:105AC0007B4C4FEA834E4EEA811E784B4EF0104ECF
:105AD0001E604EF4005E8E0123680593059BDB0774
:105AE000FAD5724B724CC3F800E046EA013949F02E
:105AF000245B4BF4001B23680693069BDB07FAD557
:105B00004FEA053E694B6A4CC3F800B04EEA854E39
:105B10004EF0104E4EF0800E4FEA854823680793F2
:105B2000079BDD07FAD5249B604C40EA834545F08E
:105B300048455F4BC4F800E045F403551C680894E1
:105B4000089CE407FAD5594B594C1D6048F01045A4
:105B500045F4025523680993099BDB07FAD5259B79
:105B6000DFF848E1524CCEF8005041EA834343F05D
:105B7000484545F4025523680A930A9BDB07FAD58A
:105B800047EA8217494B4A4C1D6047EA080848F02B
:105B90001047950123680B930B9BDB07FAD5434B0A
:105BA000434C1F6045EA824242F0104242F44052A8
:105BB00023680C930C9BDD07FAD53C4B3C4C1A60D8
:105BC00023680D930D9BDA07FAD5384B394C384AC8
:105BD0001C6013680E930E9BDB07FAD5334B364CD3
:105BE000334A1C6013680F930F9BDF07FAD52F4BC6
:105BF000324C1C602E4A49F0104444F4402413688F
:105C00001093109BDD07FAD5284B2D4D284A1C60B8
:105C100045EA8045800413681193119BDC07FAD58F
:105C2000224B284C224A1D604AEA0404136812934E
:105C3000129BDB07FAD51D4B1D4A1C604CF0045427
:105C400044F4801413681393139BDF07FAD5174BA2
:105C5000174A1C6013681493149BDD07FAD5134B85
:105C6000134A1C6040F0045040F4824013681593BE
:105C7000159BDC07FAD50D4B0D4A18600E4346F014
:105C8000484646F4042613681693169BD907FAD59E
:105C9000064B074A1E6013681793179BDB07FAD55C
:105CA000024BC3F800B019B0BDE8F08F80B00250CD
:105CB000B0B0025000310C90C0400C90C030202990
:105CC00000410090032008C82DE9F043974AABB08B
:105CD00013680993099BDF07FAD5954B9549934AB9
:105CE000196013680A930A9BDE07FAD5904B924914
:105CF0008E4A196013680B930B9BDD07FAD58C4B0A
:105D00008E498A4A196013680C930C9BDC07FAD5FC
:105D1000874B8B49854A196013680D930D9BD807F3
:105D2000FAD5834B8749814A196013680E930E9BFD
:105D3000D907FAD57E4B844A1A601B2000F030FD4B
:105D40000446182000F02CFD8442784A09D91368D3
:105D50000F930F9E16F00106F9D0754B7B4A1A601F
:105D600009E013681093109BDB07FAD5704B784A53
:105D70001A60044600266D4A13681193119BDF07D1
:105D8000FAD56B4B7349694A196013681293129BD9
:105D9000DD07FAD5664B704A1A601C201D211822B7
:105DA0000B238DE80F000F230E220D210C20FFF78F
:105DB00047FB01340C200D210E220F238DE80F002C
:105DC00024F001041323122211211020FFF738FBC5
:105DD0000125A11E08AB07AA1B20089500F02CFD89
:105DE000022800F06A81032800F04081012800F0B9
:105DF000168100274D4A13681F931F9BDB07FAD5B6
:105E00004B4B5649494A196013682093209BDD0784
:105E1000FAD5474B5249454A196013682193219B93
:105E2000D807FAD5424B4F4A1A60043C39D44FF098
:105E3000170916254FF01A0815211420CDE9000185
:105E40001A231622CDE90259FFF7FAFA1420034665
:105E50008DE82201162202F023F808AB07AA21469A
:105E60001B2000F0E9FC00EB87000430072816D85F
:105E7000DFE800F0A1A8A59D9995840412271122BE
:105E8000102315211420CDE904270393CDE9000147
:105E9000029517231622FFF725FC4FF0FF37023C2F
:105EA000CAD519201C21162215231824CDE9012159
:105EB000CDE9030400930E2214230D210C20FFF7DB
:105EC000BBFD1A4A002F40F0818013682693269B61
:105ED000DC07FAD5164B2449144A19601368279336
:105EE000279BD807FAD51248204B2149214C0F4A4D
:105EF0000460002E14BF1E460E4613682893289B8C
:105F0000D907FAD50A4B094A1E6013682993299BC1
:105F1000DB07FAD5064B184A1A6018231D221C21EC
:105F2000012002F0D1F82BB0BDE8F083B0B00250F0
:105F300080B00250000200210082202140822021F6
:105F40008082242140066E4900966929C006664970
:105F5000C0066249000662410016624940D6212906
:105F6000C0D32029C0142129C055212940075649F2
:105F700040075E490007524900065A490E270D2284
:105F80000C2315211420CDE904270393CDE900014A
:105F9000029517231622FFF7A5FB00277FE7182796
:105FA0001D221C23EDE718271D221C2369E7182753
:105FB00019221C23E5E7122713221023E1E70E27FD
:105FC0000F22DDE70E270F220C235AE713682293D6
:105FD000229BD907FAD54C4B4C494D4A196013689E
:105FE0002393239BDB07FAD547484A4B4A494B4C3E
:105FF000474A0460002E14BF1E460E4613682493C1
:10600000249BDF07FAD5404B414A1E601368259355
:10601000259BDD07FAD53C4B414A1A607DE73C4A97
:1060200013681393139BD807FAD5374B3D49384A69
:10603000196013681493149BD907FAD5324B3A4967
:10604000334A196013681593159BDB07FAD52E4B5D
:1060500036492F4A196013681693169BDF07FAD545
:10606000294B334A1A604FF0FF37C3E6284A1368BA
:106070001B931B9BDF07FAD5234B2E49244A19603B
:1060800013681C931C9BDD07FAD51F4B2A49204A35
:10609000196013681D931D9BD807FAD51A4B274921
:1060A0001B4A196013681E931E9BD907FAD5164B1D
:1060B000234A1A604FF0FF379CE6154A136817937E
:1060C000179BDD07FAD5104B1649114A1960136862
:1060D0001893189BD807FAD50B4B13490C4A196033
:1060E00013681993199BD907FAD5074B0F49084A2A
:1060F000196013681A931A9BDB07FAD5024B0C4AF6
:106100001A60002776E600BF80B00250C0D3202975
:10611000B0B002504007364940073E4900073249B7
:1061200000063A49000532494005364980053A499A
:10613000C0053E49000542494005464980054A4997
:10614000C0054E492DE9F04F0D4687B00446114673
:10615000284600929846FDF7E7FED4F8BC32009935
:1061600004F1D80A1F3306465B0952462846FDF75C
:1061700023FE002E70D001286ED0D4E9AEB0394B8A
:10618000584593F91A2093F91CC000924FF020074C
:1061900093F91B2093F91D30059738BF584605A980
:1061A0000192CDF808C0039300F002FC074618B135
:1061B000384607B0BDE8F08F2B490BF11F094FEAB5
:1061C00059194B46C1F800B02246012100F030FDBC
:1061D0000121084604F5DC72052300F029FD4B4639
:1061E00004F1480201210B2000F022FDD4F8BC325A
:1061F0009DF808409DF800001F3352465B099DF84A
:106200000CA0012100F014FD42464B46204601211E
:1062100000F00EFD109A4B465046012100F008FD9B
:1062200006F11F035B099DF804002A46012100F0D6
:10623000FFFCFFF749FD11982246494600F0CCFCCF
:1062400012985246494600F0C7FC059800F09AFCA7
:10625000384607B0BDE8F08F044F384607B0BDE8B8
:10626000F08F00BF90BD030090B002503008F100E5
:1062700038B5224B224A0121054619601368002BCC
:10628000FCD1204A1368002BFCD11F4A1368002B55
:10629000FCD11E4A1368002BFCD11D4B1C68002C3E
:1062A000FCD14FF0FF30FEF72DFE2B6A23F00403E4
:1062B000032B184B18680CBF20F0400020F0800022
:1062C000FEF726FE144B00221A602B6A23F004020C
:1062D000032A18BF6C6A114A4FEA830318BF04F0FF
:1062E000010403F01C031C4314602B6A072B02D12A
:1062F0000B4B01221A60002038BD00BF00B90250CC
:1063000070B4025020BD025020BC025038BD025073
:1063100038BC025004BA0250BCB40250C0B402509F
:106320007CB40250002800F0BF80F8B51D46436BD6
:106330000E4617460446002B35D0012B02D1B5F589
:10634000803F33D265484FF0FF31FEF7A7FD0028AC
:1063500057D10020FEF736FE00284ED1604B0122B7
:106360001A60236A032B28DC002B28DA5D4A1368A5
:10637000002BFCD15A4A1360236A23F00403032B39
:10638000594B18680CBF40F0400040F08000FEF709
:10639000BFFD0120FEF716FE002836D14F48FEF75C
:1063A00097FD28B9F8BDB5F5805FCBD34F48F8BD50
:1063B0004F48FEF721FD0020F8BD072BD6D1636AB8
:1063C000012BD3D8636B012BD0D8A36B012BCDD875
:1063D0002046FFF74DFF0028C8D1A36A012B6CD0DF
:1063E00033F0020263D0236A5A1E062A1BD8DFE864
:1063F00002F0104B101A1A1A10003E48FEF7FCFC6F
:10640000ACE73D48FEF7F8FCA3E73C48FEF7F4FC98
:10641000C4E73B4B22681A6062685A60A2689A60BF
:10642000E268DA60236A23F00403032B31D0A36B04
:10643000012B4CD0334A344B176020201D60636B16
:10644000012B2CD0314A324B16601D60FEF766FDE1
:10645000244A1368002BFCD1236A013B062B10D879
:10646000DFE803F00414040F0F0F0400244A294B43
:10647000126822601A6862605A68A26008331B685A
:10648000E3600123236371E7234BC3E7224A234BD5
:10649000EEE7636B012B01D01020D3E74020204AA8
:1064A000204B16601D60D1E74FF4710070471E4904
:1064B0001E4A0B600123136095E71D4B22691A6089
:1064C00062695A60A2699A60E269DA608BE7194AE8
:1064D000194B176080201D60B1E700BF246E0020BB
:1064E00010B8025010B9025004BA02500500F10071
:1064F000E0BA0300F8BA0300C8BA030018BB0300EF
:1065000040B4025030BD025034BD025030BC025085
:1065100034BC025044B4025060B4025064B402501F
:1065200028BC02502CBC025038BA025078B4025039
:1065300000B4025028BD02502CBD02502DE9F0419C
:10654000002800F081801D46036A072B0F46044691
:1065500016D055B9032B0FD1036B6BB9C0E90F559A
:10656000C0E9115500F13C0710252B46394620465D
:10657000BDE8F041FFF7D6BE2E463046BDE8F081BB
:10658000436B002B37D1B5F5805F39D215B9236B3A
:10659000002B35D167484FF0FF31FEF77FFC002814
:1065A00040F097800020FEF70DFD002840F0998014
:1065B000614B01221A60236A032B23DC002B23DAB0
:1065C0005E4E5F4A1368002BFCD15B495D4A0B604D
:1065D000106840F04000FEF79BFC0120FEF7F2FC43
:1065E00000287AD15348FEF773FC0028C5D05648DE
:1065F000FEF702FCC1E7012BC8D1B5F5803FC5D33A
:10660000524EBAE7072BDBD1636A012B78D8636B54
:10661000012B57D8A36B012B00F284802046FFF793
:1066200027FE06460028CCD1A36A012B6AD033F09E
:10663000020271D0236A013B062B13D8DFE803F076
:1066400009440912121209004FF471063046BDE8E0
:10665000F0813F4B22681A6062685A60A2689A60B3
:10666000E268DA603B493C4A01230B601560002D6B
:106670003BD1226B0AB9394A1360314B1E68002E98
:10668000FCD1236A013B062B9BD801A252F823F0D0
:10669000AD660300CD660300AD660300C36503006D
:1066A000C3650300C3650300AD660300284A2C4B95
:1066B000126822601A6862605A68A26008331B6818
:1066C000E3607EE7274E7CE7274BC3E7264A274B4C
:1066D000EEE72748FEF790FB64E72648FEF78CFBC1
:1066E00080E72548FEF788FB62E7636B012B1BD030
:1066F000224A234B176010201D60FEF70FFCBCE7F9
:10670000204E5EE7204B22691A6062695A60A269D6
:106710009A60E269DA608DE71C491D4A0B6001232B
:10672000136087E71B4E4CE71B4A1C4B1760402049
:106730001D60E2E7246E002010B802500100F10055
:1067400010B9025004BA0250E0BA03000500F1008B
:1067500040B402507CB40250BCB4025024B5025084
:1067600044B402500300F10060B4025064B402501B
:10677000C8BA030018BB0300F8BA030030BC0250CB
:1067800034BC02500200F10000B4025038BA02508A
:1067900078B402500400F10028BC02502CBC025016
:1067A00030B4214A84B013680093009BDC07FAD50B
:1067B00000F1A05303F52C439B001B4A1868136893
:1067C0000193019BD907FAD5184B1A6812F11F03E0
:1067D00048BF02F13E035B11591E0FD4124A144DFB
:1067E000144C13680393039BDB07FAD50B182B603B
:1067F00023680293029B2BB90139F2D2580104B0ED
:1068000030BC704701314801A0F120014FF0004237
:1068100002E001388142F2D013424FEA5202F8D02E
:1068200004B030BC704700BFB4B00250ACB00250EE
:10683000E4B00250DCB0025070B41C6885B001F0C6
:106840001F0644B91E2E06D01068F04000F0030069
:1068500005B070BC70470F4D2C680194019CE40793
:10686000FAD500F1A05404F52C44A400094D206889
:106870002C680394039CE407FAD5074C00EB6111E4
:106880000648216001680291029911600021196097
:10689000DAE700BFB4B00250E4B00250DCB00250FE
:1068A000A0F12003B3F5426F61D8F0B48F2882B015
:1068B00053D900F11F035B095B013F339B0901338F
:1068C00011B18B4255D80B46DC004FF48051B1FB1F
:1068D000F4F1202928BF202102B11160264C274D58
:1068E0000126002226600239144603FA06F640F615
:1068F000FC778C4204F10104B6BF2A602F60921924
:106900001E2C05F10405F4D11D4C1E4D22603244AD
:106910002A6000F13F011C4A1C4DDFF890C0E56081
:1069200021F03F0110604031194F1A4E1A4D1B489B
:10693000CCF800109B011A493B6033602B60E36286
:106940000360D3610A680192019AD207FAD5154A09
:106950000020136002B0F0BC704700F1470400F162
:106960006603E4064FEA5313A6D00133A4E70E48AA
:1069700070470D48EEE700BF1CB8025000B002504F
:1069800078B002507CB0025090B0025020F80F0056
:1069900098B002509CB00250A0B00250A8B0025073
:1069A000B4B00250ACB002502221F00094B00250BA
:1069B00038B504460D4619484FF0FF31FEF76EFA20
:1069C00060B90020FEF7FEFA80B920462A46002171
:1069D000FFF766FF0446A0B9204638BD1048FEF711
:1069E0000BFA0020FEF7EEFA0028EED00D48FEF775
:1069F00003FA20462A460021FFF752FF04460028EA
:106A0000EAD00120FEF7DEFA20B90448FEF760FA6A
:106A1000204638BD0448FEF7EFF9F6E7146E002073
:106A2000C8BA0300F8BA030018BB03002DE9F0430D
:106A30004E4C89B023680193019BDD07FAD54C4B7E
:106A400013449B000A181D681E2A05F11F0588BF04
:106A50001E224FEA551502FB05F288BFC0F11E0148
:106A6000B2F5806F04D94FF48061B1FBF5F1091ADA
:106A7000002976DD00F1A05000F52C4005F1010E53
:106A80004FF0000C394ADFF8F4803A4C87002EF0C2
:106A90000106604613680293029BDB07FAD5D7F81C
:106AA000009013680393039BDB07FAD5C8F80090A6
:106AB000002355B101339D422060FBD1AE4204D981
:106AC0002B4601339E422060FBD10CF1010C614545
:106AD00007F10407DED1254A13680493049BDC0701
:106AE000FAD5254B214A196813680593059BD807E9
:106AF000FAD5224B19607DB100231E491A46013395
:106B00009D420A60FBD1AE4206D91A492B460022AB
:106B100001339E420A60FBD1144A13680693069B18
:106B2000D907FAD5164B114A196813680793079BC2
:106B3000DB07FAD5114B196035B100230D491A4610
:106B400001339D420A60FBD1AE4207D9094A0023B6
:106B500001E00EF1010E76451360FAD109B0BDE8EF
:106B6000F08305F1010E2EF00106B4E7B4B0025037
:106B700024AC0014D8B002507CB00250D4B0025003
:106B800078B0025008B558B90F4B00221A600120A6
:106B9000FEF718FA98B90D48FEF79AF950B908BDF2
:106BA000202801464FF0070228BF20210020FFF7D0
:106BB0003DFFE9E7BDE808400548FEF71DB9054877
:106BC000FEF71AF9E7E700BF1CB80250146E002068
:106BD000E0BA030018BB030010B4124C85B0236860
:106BE0000193019BDB07FAD502F1A05202F52C427A
:106BF00093000C4A1C6813680393039BDB07FAD5C8
:106C0000094B1C6051B10438084A00EB810113683C
:106C10000293029B40F8043F8842F8D105B05DF82A
:106C2000044B7047B4B00250E4B00250DCB00250E4
:106C300070B42F4D85B02C680094009CE407FAD501
:106C400000F1A05000F52C408000294C0568206818
:106C500001900198C607FAD52648012605609BB128
:106C6000043A254E02EB830452F8040F3060A2422E
:106C7000FAD15E1C26F00102934205D21E4C002080
:106C8000013393422060FBD1194A26F001001368BA
:106C90000293029BDC07FAD5184B0B449B001B6840
:106CA0001F33B0EB531F4FEA53121DD210490B682C
:106CB0000393039BDB07FAD50E4B0544121A1D60A4
:106CC00012D000230C481946013393420160FBD1D6
:106CD0005A1C22F00101994206D90748002300E01E
:106CE00001328A420360FBD105B070BC704700BF1F
:106CF000B4B00250D4B00250D8B0025024AC00144A
:106D00002DE9F04784B09A460C9C8146884610468F
:106D10001946656A1646FDF707F9BAF1000F00F04B
:106D2000BA802B462246072107460020FFF780FF46
:106D3000052304F2D44207210120FFF779FF2B46F7
:106D400004F5EA7207210C20FFF772FF2B4604F5C9
:106D5000FA7207210D20FFF76BFF2B4604F5057231
:106D600007210E20FFF764FF2B4604F50D72072163
:106D70000F20FFF75DFF2B4604F515720721102049
:106D8000FFF756FF2B4604F51D7207211120FFF770
:106D90004FFF2B4604F5257207211220FFF748FF0D
:106DA0002B4604F52D7207211320FFF741FF2B46D8
:106DB00004F5357207211420FFF73AFF2B4604F53E
:106DC0003D7207211520FFF733FF2B4604F545726E
:106DD00007211620FFF72CFF2B4604F54D720721E3
:106DE0001720FFF725FF2B4604F214420721082045
:106DF000FFF71EFF2B4604F2344207210920FFF75C
:106E000017FF04F254422B4607210B20FFF710FF17
:106E1000234A13680093009BDB07FAD5214B2249D4
:106E20001F4A196013680193019BD807FAD51D4BBF
:106E30001E491B4A196013680293029BD907FAD5B1
:106E4000184B1B49164A196013680393039BDB0711
:106E5000FAD5144B174A1A60072104F27442084607
:106E60002B46FFF7E5FE3946304601F0E3FD0446C8
:106E700018B1204604B0BDE8F087484629461022E4
:106E8000FFF7AAFE404629461122FFF7A5FE20463D
:106E900004B0BDE8F087084C204604B0BDE8F08798
:106EA000B0B0025080B0025080022A4780122A4FB0
:106EB00080010021806118210223F0002DE9F04FAC
:106EC00087B05C6A109D16464FEA84090F464FF062
:106ED000000C9A4680464A4631462B4604200397CA
:106EE000CDF814C0FBF7F4FB074660B104EB440493
:106EF000A1002846FDF7B2FF0598FFF743FE38468C
:106F000007B0BDE8F08F2B484FF0FF31FDF7C6FF0B
:106F100000284AD10020FEF755F8002841D11E2351
:106F2000DAF82000059305AA0021FFF7B9FCB0BBF1
:106F30002B68CDF800A023F00703A9F1040A2B6009
:106F400055F80A3023F0404343F0804305EB090B2A
:106F500045F80A30594623462A4605EB4900FFF713
:106F6000CFFE07460028C1D15BF824105BF80A2049
:106F700042EAC1723146039E4BF80A2030464A4627
:106F8000FDF766FF224659464046FEF70BF93346A9
:106F90004B444A4641461846FDF75AFFA6E7064FBE
:106FA000A4E70648FDF728FFB9E70548FDF724FFE9
:106FB000B0E700BF146E00203323F000F8BA0300DE
:106FC000C8BA03002DE9F04184B007460E460D24EF
:106FD000174803944FF0FF3190461D46FDF75EFFC2
:106FE00010BB0020FDF7EEFFD0B9286A03AA0021EC
:106FF000FFF756FC044660B9D5F88C103046FCF714
:1070000093FF0095024643463146384601F012FB95
:1070100004460398FFF7B6FD204604B0BDE8F081B2
:107020000448FDF7E9FEE0E70348FDF7E5FED8E791
:10703000146E0020F8BA0300C8BA0300F0B48AB393
:10704000051F2B4605EB8206970053F8044F24BA20
:107050009E421C60F9D13C1F03595918015116D3A7
:10706000931E00EB830150F82340661CA64240F8B3
:1070700023600CD80BB90AE03BB151F8044D651CF4
:10708000A54203F1FF330D60F6D94AB1051F28462A
:10709000002150F8043F01311BBA8A420360F8D83E
:1070A000F0BC704750F8043C5B1840F8043CF7D340
:1070B00050F8084C631C9C4240F8083CA0F10801C1
:1070C000EED36FF00103D8E72DE9F04F2DED028BE1
:1070D000ADF5597D00F108050C464022002128A895
:1070E000FBF7D2F9294628A84022FDF7B1FE2A9BDA
:1070F0001493319B1593329B1693339B1793349BB8
:107100001893359B1993369B1A93379B1B93289B97
:107110001293299B2B9A2D982F9F309E2C99139375
:1071200008EE105A784B2E9D1C921E9021971F96A8
:107130001D91209504F1040C01930D92DDE9154297
:107140000292179A0392189A149B0B92199A009321
:10715000DDE91AAB03460C923046DDE912620DF10F
:10716000E009CDE90607CDF820A0CDF824B00A91BA
:1071700004951746CA469B4612E002990B91039963
:107180000C9100990A910699DDF834B00096CDE98A
:1071900002140D97CDF818E044461E461746704677
:1071A00083044FEA844EA1034EEA903E43EA9438AA
:1071B00041EA90410B9BC205850302988EEA0101CA
:1071C00042EA542283EA000E06984A4045EA944572
:1071D000E10588EA05030EEA000E0C9D249241EABF
:1071E000502103980B9ADDF89090594045400C9B34
:1071F0002591DCF800005CF8041C25405D408EEA17
:107200000202964690FA80F8259A259509BA3D0122
:10721000CAE900810198259945EA1678B50745EA3B
:10722000970519EB0E0388EA0505F0E9028941EBA1
:107230000202710641EAD7114D4001900A99009867
:107240002495350145EA177E0143BD070A9845EAB2
:1072500096058EEA05058646009831400EEA000E36
:1072600041EA0E010D982291790641EAD61113EBFD
:10727000080385EA01054BEA000142EB09023940A7
:10728000FAE8028925950BEA00050D43DDF890E048
:1072900022992395089D099813EB080342EB0902F4
:1072A0005B1942EB00000246DDF894800498239DB0
:1072B00011EB0E0145EB080510EB030E0798CDF816
:1072C0001CB040EB0208CDE92215CB180B990891B0
:1072D00058A945EB02020A980C9D049051450CF107
:1072E000080C09957FF449AF1946084B0E93B6ABCD
:1072F000CDF83CB0CDE90746DDF800B00997CDE9FF
:10730000001236A8119314E0A8BD030028BE0300A4
:10731000069A0292079A0392DDE908B20D92009A4A
:107320000892019A0992CDE90034CDE906E8CE46EB
:10733000D046D0E91E64F300620343EA547342EA84
:10734000D6425A40A30643EA9613D0E9047C5A4039
:107350004FEAC409730343EAD44349EA5676056DFC
:107360005E4086EA94164FEACC73446DA91843EA4E
:1073700057094FEA0C6344EB060643EA17234FEA2A
:10738000884489EA030344EA9E394FEA883444EA90
:107390009E44C0E9221689EA0404F0E9029ACDE984
:1073A000049A4FEA4C6949EAD71983EA09032693FC
:1073B0004FEA0769FB0743EA5C0349EA1C275F4081
:1073C0004FEACE53029A069DDDF898A043EA58236F
:1073D0005C40249414466C4004EA0E04079D54401B
:1073E000039A87EADC174FEA8E434FEA8E3C2797D1
:1073F0004CEA984C82EA050743EA9833049D83EAF5
:107400000C0307EA08074FEAC85C57404CEA5E2CB9
:107410004A19059D83EA0C03DDF89CC0259345EBD2
:10742000060612EB0A0246EB0C01019E249B009D0E
:107430002494DDE924942597370147EA15770E9DBA
:10744000DDF894C0C0F8802013EB0903F5E9029A37
:107450000E95009D109144EB0C044FEA857C009D35
:10746000C0F88410CDE9049A4CEA960C4FEA05194D
:10747000009D009987EA0C0749EA16794FEA867C55
:10748000089E4CEA950C009D89EA0C094BEA060C13
:107490000CEA050C049D5B19059D45EB0404019D58
:1074A0004FEA416A4AEAD51A009987EA0A0A6F0642
:1074B00047EAD117099D0D9989EA07070BEA0609E2
:1074C0004CEA090CCDF888C09B1841EA050C01EA8A
:1074D0000502109D019E45EB04040B9DCDE924A7F8
:1074E0005B190C9D0CEA060C4CEA020244EB050504
:1074F000DDF888C091462C46259A0A9DCDF828B023
:107500001CEB0A0749EB020215EB03090F9D0F91D3
:1075100045EB040AFB1842EB0404CDE92272029AFF
:107520000B92039A0C92119A82427FF4F1AE129A56
:107530000898219E159FD318139ADDE9001542EB98
:107540000404149A52181C99009241EB05051D99E8
:10755000099A2B9509181E98019140EB0202209878
:107560000D99049210EB0B0046EB01011F9E089051
:107570001698069A049D099116EB090647EB0A072F
:1075800010EB0E0E179840EB0808189810EB020C41
:107590001998079A40EB02091A98029A10EB020A0E
:1075A0001B98039A2D95099D2F95009D2A95019D65
:1075B0002C9540EB020B089DCDF8C8E038A84FF49D
:1075C00020720021CDE92834CDF8D0C03197CDF814
:1075D000CC80CDF8D490CDF8DCB02E953096CDF897
:1075E000D8A0FDF739FC18EE100A28A94022FDF7B3
:1075F0002FFC0DF5597DBDEC028BBDE8F08F00BF6F
:10760000F8B5069E002E33D001292FD8012B31D892
:107610001C4C074600251C4825600468002CFCD142
:107620001A4D2C68002CFCD1194D2C68002CFCD173
:10763000184D2C68002CFCD1174D2C68002CFCD167
:10764000012B19D01548164B026020201E6001291D
:107650000BBF144B144B154A154A17601E60FDF7FB
:107660005DFC144B18680028FCD1F8BD1248F8BD29
:107670001248F8BD1248F8BD1248134B0260802032
:107680001E60E4E700B9025070B4025020BD025001
:1076900020BC025038BD025038BC025030BD0250F0
:1076A00034BD02502CBC025034BC025028BC0250E5
:1076B00030BC025010B902500200F4000100F40086
:1076C0000300F40028BD02502CBD02500B6830B4FA
:1076D0000468524284EA03052A405440534004603F
:1076E00030BC0B60704700BF0B6812F01F0F10B466
:1076F00004464FEA937004D09B005DF8044B0B6086
:107700007047002A6FF04043B8BF1F3203EB62128C
:1077100054F822300B605DF8044B70472DE9F043BC
:10772000644A93B013680093009BD907FAD5624B63
:107730006249634A196013680193019BDB07FAD51C
:10774000604B1B68DF0400F1AF805A4A1368029354
:10775000029BDE07FAD5584B5B49594A19601368FA
:107760000393039BDD07FAD5564B1B68DC0400F13D
:107770008580534B554E4F494F4FDFF86CC14FF04A
:107780000109DFF868E1524D00241A680492049A56
:10779000D007FAD530681A680692069AD207FAD549
:1077A000CEF800002A680592059A12B95DE05208E9
:1077B0000134D007FBD514F01F0568D11D68099569
:1077C000099DE807FAD5434DD5F800801D680B9553
:1077D0000B9DED07FAD5DFF814E13D4DCEF80080A2
:1077E0002D680A95E0070A9D05D505F00704032CCE
:1077F0004AD0052C48D002F00302032A05D105F037
:107800000305032D08BFC9F100090A680C920C9A00
:10781000D407FAD5304A3A600A680D920D9AD0071B
:10782000FAD52E4A3A600A680E920E9AD207FAD515
:107830002B4A3A600A680F920F9AD507FAD5294A5F
:107840003A600A681092109AD407FAD51B4A3A6037
:107850001A681192119AD007FAD51A4A1268D204FE
:107860008FD5484613B0BDE8F0830A680792079A9F
:10787000D207FAD5C7F800C0203486E74FF00109D7
:10788000484613B0BDE8F083C9F10009B3E7DFF85B
:1078900060E0013D4EEA053E0D680895089DED0744
:1078A000FAD5C7F800E089E74FF00009484613B061
:1078B000BDE8F083B0B0025080B0025000082A51F9
:1078C000B4B0025088B0025000182A5128B00250BB
:1078D000DCB002502CB0025000032A4980022E492D
:1078E000C0C228A1C002324980F22961E4B002502E
:1078F000800228612DE9F047894ABAB013680093E5
:10790000009BD807FAD5874B8749884A19601368C6
:107910000193019BD907FAD5854B1B68DB0400F165
:107920009181824A13680393039BDE07FAD5814B4A
:107930007E4A196813680593059BDD07FAD57E4AD0
:107940007E4B11601B680493049F07F00303032B15
:1079500000F0748207F00703052B714A00F02781BD
:1079600013681993199BDC07FAD56E4B74496C4A5E
:10797000196013681A931A9BD807FAD5694B714A94
:107980001A60FFF7CBFE013000F01D82644A1368D5
:107990001B931B9BD907FAD562486B4B0360013FD1
:1079A00040F071825E49DFF8D0C1604B674E624D96
:1079B000624CB8460A681C921C9AD207FAD5C0F8E5
:1079C00000C008F120081A681D921D9AD707FAD541
:1079D00037681A681F921F9AD207FAD52F6022685B
:1079E0001E921E9F002FE5D017F0010311D17F08D2
:1079F000FE07194603F10103F9D5494802682092B0
:107A0000209AD507FAD5524A464842EA01319844AD
:107A10000160434A13682193219BDC07FAD5414B4F
:107A20004C493F4A196013682293229BD807FAD524
:107A30003C4B494A3A4CDFF84491484E414D1A605C
:107A40009A4623682393239BD907FAD5CAF8009056
:107A500023682493249BDA07FAD5CAF800602368C8
:107A60002593259BDB07FAD5CAF80050FFF756FE91
:107A70000130E6D12A4A13682693269BDC07FAD503
:107A8000284B3749264A196013682793279BD80744
:107A9000FAD5244B3349224A196013682893289B4E
:107AA000D907FAD51F4B2A491D4A19601368299333
:107AB000299BDB07FAD51B4B2B49194A1960136820
:107AC0002A932A9BDE07FAD5164B2849144A1960D7
:107AD00013682B932B9BDD07FAD51248244A104BD1
:107AE000DFF89C90DFF89CE0224EDFF89CC002603B
:107AF0001A682C922C9AD407FAD5C0F800901A680C
:107B00002D922D9AD107FAD50849094DC0F800E009
:107B100000241A682E922E9AD207FAD5066035E014
:107B2000B0B0025080B0025000081251B4B0025000
:107B300088B0025000B00250E4B00250DCB00250F5
:107B400080021249C0020249C01002290CB0025042
:107B5000C0000C61C0011E41C0111E4980021E49B7
:107B6000C0311C98C0100E21C0301098400212493C
:107B7000809184A800182651C0F00D61C0111E210B
:107B800040320C8840622488409224880A682F92F0
:107B90002F9AD207FAD52A68D20460D401341A6821
:107BA0003092309AD207FAD5C0F800C0B1E7136816
:107BB0000993099BDB07FAD5854B8649864A1960EC
:107BC00013680A930A9BDF07FAD5814B8349824ADF
:107BD000196013680B930B9BDE07FAD57C4B804929
:107BE0007D4A196013680C930C9BDD07FAD5784B1E
:107BF0007C497D4A196013680D930D9BDC07FAD50B
:107C00007A4B754A1B68D80440F1928013680E9332
:107C10000E9BD907FAD56E4B75496F4A19601368E8
:107C20000F930F9BDB07FAD5694B72496A4A1960BB
:107C300013681093109BDF07FAD5654B6E4A1A60E4
:107C4000002054E0644A13680293029BDF07FAD5D0
:107C50005F4B6A4A1A6001203AB0BDE8F087002CF9
:107C60003FD0A8EB0404012C33D0621E02F01F01A8
:107C7000002A4FF00107B8BF04F11E028F405111D6
:107C80001A683292329AD207FAD55D4A564C02608F
:107C900022683392339AD507FAD55A4A524C15685E
:107CA00022683492349AD207FAD5574C574A29445D
:107CB000216017601A683592359AD207FAD5544A6E
:107CC00002601A683692369AD507FAD5514A026090
:107CD0000EE71A683192319AD107FAD54E4A0260FE
:107CE00006E707F00303032B40F0C58001203A4A62
:107CF00013683793379BDC07FAD5354B4749364A2B
:107D0000196013683893389BD907FAD5304B44492A
:107D1000354A196013683993399BDB07FAD5334B21
:107D20001B6813F4805F18BF01203AB0BDE8F087EC
:107D300013681193119BDE07FAD5254B39492A4A5E
:107D4000196013681293129BDD07FAD5274B1B6845
:107D5000DC04C3F30030CAD51F4B1A681392139A80
:107D6000D107FAD51A4B304A1B491A600B68149395
:107D7000149BDA07FAD5164B1E4A17491A600B688E
:107D80001593159BDB07FAD5114B284A12491A6047
:107D90000B681693169BDF07FAD50D4B244A0E4944
:107DA0001A600B681793179BDE07FAD5084B214A18
:107DB00009491A600B681893189BDD07FAD5044B24
:107DC0001D4A1A603CE700203AB0BDE8F08700BFCA
:107DD00080B0025040120229B0B00250C01124619C
:107DE0008071109800181A51B4B0025088B0025037
:107DF0008031022180211861C0601098C0000E41BE
:107E00000002224120B00250D4B00250D8B002503B
:107E100040821C98C0900C88C0700C8880310C88FF
:107E200000481851009818518051022940121071D1
:107E3000C061249840021071C0901C88343A1368C5
:107E40000693069BDC07FAD5104B1149114A1960BD
:107E500013680793079BD807FAD50C4B0E490D4AB8
:107E6000196013680893089BD907FAD5074B0B4A8A
:107E70001A6000203BE707F00707052F4FF00100CD
:107E80003FF435AFE8E64FF00008ADE580B00250B2
:107E9000C0100221B0B0025080110C61C060109877
:107EA000F0B595B07D4C1A9E370347EA864747F0F8
:107EB000045545F0800526680096009EF607FAD521
:107EC0001B9C764E920142EA0434754A44F01044F9
:107ED000156044F4002432680192019AD507FAD55E
:107EE0006F4A6E4E146047EA811747F010478A01C7
:107EF00034680294029CE407FAD54FEA033C4CEA4A
:107F0000834C674B654C1F604CF0045646F080066E
:107F100023680393039BDF07FAD5614B5F4C1E6018
:107F200023680493049BDD07FAD55D4B5D4F5E4CDF
:107F30005A4E1C6047EA81478C0433680593059BC1
:107F4000DB07FAD5564B554E1F604CF0104C4CF4E5
:107F5000807C33680693069BDD07FAD5504E534D5F
:107F60004E4FC6F800C045EA801586013B6807936E
:107F7000079BDB07FAD54A4F4D4BDFF820C13D6028
:107F800043EA003E0703DCF800300893089BDD0756
:107F9000F9D5434DDFF828C1C5F800E01C9B30350A
:107FA0004CEA834E2B680993099BDB07FAD53C4BBF
:107FB0003A4DC3F800E02B680A930A9BDB07FAD519
:107FC000374B3C4DDFF8FCC01D60344D46EA0C0CCD
:107FD0002B680B930B9BDB07FAD5314B2F4DC3F866
:107FE00000C03E4346F0045646F400262B680C932E
:107FF0000C9BDF07FAD52A4D2F4B2E6043EA8040B9
:1080000030352B680D930D9BDE07FAD5244B234D9D
:1080100018602B680E930E9BDB07FAD5204B274D7B
:108020001E481D60144344EA013444F004550E0315
:1080300003680F930F9BDF07FAD5194B17481D6094
:1080400044F0104403681093109BDB07FAD5144BDF
:1080500012481C6003681193119BDF07FAD5104B7F
:108060000E481D60164346F0245646F41016036869
:108070001293129BDC07FAD5094B08481E600A438D
:1080800042F0484242F4A21203681393139BDB07A9
:10809000FAD5034B1A6015B0F0BD00BFB0B0025066
:1080A00080B00250802000908020082100401021E4
:1080B0000001102180202029802000214021282932
:1080C00000410021024010C830B42D4C88B0206817
:1080D00000900098C507FAD52A4C2B482B4D2560F7
:1080E000303440EA834523680193019BD807FAD5D1
:1080F000900140EA8240234B214A1D6040F0104429
:1081000044F4C04413680293029BDB07FAD51D4B6D
:108110001B4A1C6013680393039BDD07FAD58B0190
:1081200043EA8141174B1A4D1D60154A41F0104535
:1081300045F4C04513680493049BDB07FAD5114B43
:108140000F4A1D6013680593059BDD07FAD50D4B9B
:108150000B4A1C6041F0584113680693069BDC07EC
:10816000FAD5084B064A196040F058401368079347
:10817000079BDB07FAD5034B186008B030BC70478B
:10818000B0B0025080B0025080710098C021022926
:10819000806118902DE9F04385B000284CD00E4640
:1081A00000294ED01546002A4DD0002B3FD0D0F8E4
:1081B000BC22039305F14C0700F5B6731F3201F1A1
:1081C000040905F10408CDE90187009352094946E5
:1081D00000F592730446FDF7B5FF0746A8B94FF4C2
:1081E0003772214606F15000FCF732FE174B336020
:1081F00021464FF4377205F19400FCF729FE144B29
:108200002B60384605B0BDE8F08300244846346052
:1082100021462C604C22FCF71FFE4046214690224E
:10822000FCF71AFE0B4F384605B0BDE8F0830A4F45
:10823000384605B0BDE8F083084F384605B0BDE8C4
:10824000F083074FDDE7074FDBE700BF020000ECDC
:10825000010000EC3008F0000508F0000208F00012
:108260000308F0000408F0002DE9F04FA7B009233F
:1082700004460B2218460394059306920C23012210
:108280000A250C46042108930795FEF7CFFB059BB2
:10829000A14A990141EA834141F0924141F40431FC
:1082A00013680993099BDF07FAD59C4A9C4B116020
:1082B0000699303243EA811113680A930A9BDE075C
:1082C000FAD5964B944A1960089B990141EA83417B
:1082D00041F0924141F4043113680B930B9BDD078D
:1082E000FAD58E4B8C4A196013680C930C9BD807F7
:1082F000FAD58A4B8B49884A196013680D930D9BF8
:10830000D907FAD5854B884A1A6014F11E0248BF76
:1083100004F13D026FF0404303EB6213039A671EC2
:1083200052F823300293002FC0F23981DFF8148213
:10833000794C7A4D002206AB0DF1140B0DF1200A99
:108340000DF11C0907F01F061F2E04D103987911A7
:1083500050F8211002910299009321FA06F606F0D6
:1083600001061946724058460192FFF7AFF9019A8B
:1083700051464846FFF7AAF9089A009B48EA02319D
:1083800022680E920E9AD207FAD52960069A67499A
:1083900041EA824122680F920F9AD007FAD52960EC
:1083A000079A48EA023122681092109AD207FAD549
:1083B0002960059A5E4941EA824122681192119A28
:1083C000D007FAD52960059A0798910141EA8041C2
:1083D00041EA023141F0045122681292129AD20706
:1083E000FAD52960DDE906120898920142EA814136
:1083F00041EA003141F0045122681392139AD007E8
:10840000FAD52960089A0598910141EA003141F0B6
:10841000104141F4002122681492149AD207FAD52F
:108420002960079A910141EA023141F0104141F47B
:10843000402122681592159AD007FAD52960226842
:108440001692169AD107FAD53A4A2A60059A11036C
:1084500041EA824141F0104141F0C0012268179287
:10846000179AD207FAD52960DDE90701069A920129
:1084700042EA814141EA003141F0045122681892F8
:10848000189AD007FAD52960079A48EA023122687B
:108490001992199AD207FAD52960DDE907209101CE
:1084A00041EA804141F0045141F4804122681A922E
:1084B0001A9AD007FAD52960059A1F4941EA821114
:1084C00022681B921B9AD207FAD5296022681C9257
:1084D0001C9AD007FAD5194A2A6022681D921D9A63
:1084E000D107FAD5164A2A60079A910141EA8241DA
:1084F00041EA023141F0104122681E921E9AD207D1
:10850000FAD52960069A910141EA824141EA023195
:1085100041F0104118E000BFB0B0025080B00250EE
:1085200000002249400100214051142180400021D7
:10853000C040002180300C9000200C9000211429B4
:10854000C0400C210001142922681F921F9AD007F5
:10855000FAD5296022682092209AD107FAD52F4AAD
:108560002A60DDE90702910141EA003141F0104142
:1085700041F4001122682192219AD207FAD529608C
:10858000079A274941EA821122682292229AD0074B
:10859000FAD5013F7A1C296009D03246D2E600267E
:1085A00006AB0DF1140B0DF1200A0DF11C09194653
:1085B00058463246FFF78AF8324651464846FFF79A
:1085C00085F8069B1749184A41EA831113682393DB
:1085D000239BDC07FAD5154B134A1960DDE90630F9
:1085E000190341EA804141F0184141F080011368CC
:1085F0002493249BD807FAD50C4A0D4B116005999A
:10860000303243EA814113682593259BDB07FAD575
:10861000064B0020196027B0BDE8F08F823018C8E3
:1086200000200C9000200229B0B0025080B002500F
:10863000C02100882DE9F041069C0E46154698465B
:108640002246636A012107460020FEF7F1FA012164
:1086500004F1B40208460523FEF7EAFA636A04F15E
:10866000940201210620FEF7E3FA636A42460121E3
:108670000820FEF7DDFA29463046FFF7F5FD0446EF
:1086800030B905F11F01490938460722FEF7A4FA5F
:108690002046BDE8F08100BF0048704730C00300AD
:1086A0002DE9F00B93B06A4E1A9C6A4FDDE91B5816
:1086B0004FEA043B46EA04363C680194019CE40717
:1086C000FAD5654C654F266047EA05373034266891
:1086D0000296029EF607FAD55F4E614C37601F9FE7
:1086E000303644EA073437680397039FFF07FAD50B
:1086F000594F584E3C604BEA854949F0045545F0C6
:10870000800537680497049FFF07FAD5524C554FF0
:1087100025601E9D303447EA053627680597059F7A
:10872000FD07FAD5209C1D9D4A4F240344EA854548
:10873000494C45F01045266045F080053E68069698
:10874000069EF407FAD54FEA083444EA8848424CBA
:10875000404E256048F0045545F0C0053468079444
:10876000079CE707FAD53C4C3F4F3A4E256047EA55
:1087700083179D0134680894089CE407FAD5364CA9
:10878000344E276045EA834545F004579B0447F47F
:10879000A04734680994099CE407FAD52E4C2D4E65
:1087A000276034680A940A9CE407FAD52A4C2F4FB4
:1087B000284E276034680B940B9CE707FAD5264CAB
:1087C0002B4F244E276034680C940C9CE407FAD598
:1087D000214C284F1F4E276034680D940D9CE707ED
:1087E000FAD543EA80101C4B234E1A4C1E6040F011
:1087F000104040F4804023680E930E9BDE07FAD5AC
:10880000154C1E4B2060134843EA811103680F93F7
:108810000F9BDC07FAD5104C194B0E48216043EA38
:10882000821203681093109BD907FAD50A4B0949A5
:108830001A6045F0104545F4A0450B681193119B53
:10884000DB07FAD5044B1D6013B0BDE8F00B704791
:1088500080001829B0B0025080B00250800008217A
:10886000000108904001089000401829404114215F
:108870000021182900311021C0200C2100500C903B
:1088800000301090564A94B013680193019BDB07A7
:10889000FAD5544B5449524A196013680293029B0B
:1088A000D807FAD54F4B51494D4A196013680393C5
:1088B000039BD907FAD54B4B4D49494A19601368B8
:1088C0000493049BDB07FAD5464B4A49444A196096
:1088D00013680593059BD807FAD5424B4649404A91
:1088E000196013680693069BD907FAD53D4B434997
:1088F0003B4A196013680793079BDB07FAD5394B8E
:108900003F49374A196013680893089BD807FAD57E
:10891000344B3C49324A196013680993099BD907C3
:10892000FAD5304B38492E4A196013680A930A9BCE
:10893000DB07FAD52B4B3549294A196013680B938D
:108940000B9BD807FAD5274B3149254A1960136884
:108950000C930C9BD907FAD5224B2E49204A19605B
:1089600013680D930D9BDB07FAD51E4B2A491C4A51
:10897000196013680E930E9BD807FAD5194B274937
:10898000174A196013680F930F9BD907FAD5154B37
:108990002349134A196013681093109BDB07FAD51B
:1089A000104B20490E4A196013681193119BD80788
:1089B000FAD50C4B1C490A4A196013681293129B92
:1089C000D907FAD5074B1949054A1960136813935B
:1089D000139BDB07FAD5034B154A1A6014B0704796
:1089E000B0B0025080B002508080182980900821D9
:1089F00000210890808024214021089080B02C9094
:108A000080700890C0A02821C0A00C90C0421829F6
:108A1000C0522C214041142100211829003110217D
:108A2000C0200C2100422C9040520C9080321090BB
:108A3000C0522C902DE9F043FF2993B027D1C36990
:108A400009939B0F012B054604D0734C204613B0AD
:108A5000BDE8F08309A9FE22FEF746FE0128F4D105
:108A6000FC244FF0FF394FF0160815271426224634
:108A700009A92846FEF738FE00EB89030433072BCB
:108A8000E3D8DFE803F055504B4639341F09634CF7
:108A9000204613B0BDE8F083CDE905780B230A2208
:108AA000092108200496CDE90223CDE90001FFF752
:108AB000F7FD4FF0FF39023C45D0FFF7E3FEFFF72B
:108AC000E1FED4E7122111204FF0100C0691059021
:108AD0000B230A2209210820CDF810C0CDE902237A
:108AE000CDE90001FFF7DCFD4FF00009E3E70E21BF
:108AF0000D204FF00C0CE9E70E210D204FF00C0C6F
:108B0000069105900B230A2209210820CDF810C0F8
:108B1000C9E70F210C204FF00D0CD7E713211020CF
:108B20004FF0110CD2E7132110204FF0110CE7E7A2
:108B30004FF0170CCDE904760B230A2209210820F7
:108B4000CDF818C0CAE7224609A92846FEF7CCFD91
:108B5000044600287FF479AF0F220C230B200A2152
:108B600006920593092208230D25CDE90121CDE9BF
:108B7000030500931622172315211420FFF790FDFB
:108B8000274AB9F1000F23D113680E930E9BDD071E
:108B9000FAD5244B2449224A196013680F930F9B7E
:108BA000D807FAD51F4B21491D4A19601368109345
:108BB000109BD907FAD51B4B1D49194A1960136838
:108BC0001193119BDB07FAD5164B1A4A1A603DE741
:108BD00013680A930A9BD907FAD5124B1249104A17
:108BE000196013680B930B9BDB07FAD50D4B1249E9
:108BF0000B4A196013680C930C9BDF07FAD5094BDD
:108C00000E49074A196013680D930D9BDE07FAD5CC
:108C1000044B0B4A1A6019E70323F0000223F0000B
:108C2000B0B0025080B0025080210229C061289863
:108C30000074208840742488C0615898007450885B
:108C4000407454880048704728C1030000487047AA
:108C500060C60300004870473CC9030000487047E5
:108C600018CC030000487047F4CE0300004870475A
:108C7000D0D1030000487047ACD4030000487047CF
:108C800088D703000048704764DA03000048704743
:108C900040DD0300004870471CE0030000487047B7
:048CA000F8E20300F3
:108CA400B99C02000000000079A20200000000004C
:108CB400A9D802000000000019780200000000009A
:108CC40025D50200384F00203DEC0200B8530020A7
:108CD400E9D6020000000000E1FD020000000000EF
:108CE4008FF2020058540020CB1603006C5300206E
:108CF400551B03000854002031BA02000000000094
:108D040004300020C02F00204000000001000000BB
:048D1400000000005B
:088D1800999B0200000000001D
:108D2000619D02000000000015A302000000000089
:088D3000B9A3020000000000DD
:108D3800811F030000000000D12103000000000093
:108D4800D8300020A0310020A8310020E0300020D9
:048D580018000000FF
:088D5C0049C8020031C8020001
:108D64006296030000000000689603000000000003
:108D74006F960300000000007396030000000000DB
:108D840077960300000000007C96030000000000BA
:108D9400C596030000000404948E03000000000044
:108DA400BD8E030000000000A0B503000000000019
:108DB40058960300000000002C8F03000000000000
:108DC400E6A303000000040425A603000000040435
:108DD400CE90030000000404A8B5030000000303C0
:108DE40048B803000000030360B803000000030355
:108DF4004BAB0300000003033B9B03000000030391
:108E04004D9E03000000030304A0030000000303BD
:108E14001CB103000000030330A00300000003039F
:108E24006EA903000000030354A70300000003031A
:108E340090B50300000003030AB403000000030319
:108E440040910300000000005E9603000000000053
:088E540058910300000000002A
:108E5C009896030000000000A4960300FC2B002051
:108E6C000000000000000000898B020000000000E0
:048E7C0000000000F2
:108E80002600030025760200502C0020702C0020C4
:108E9000902C00206170705F627574746F6E0000BA
:108EA000D82C0020466174616C206572726F72006C
:108EB00053797374656D20726573657400617070A9
:108EC0005F74696D6572000001000600000000001B
:108ED000242D00205D7C020052544320696E73747F
:108EE000616E636520616C726561647920696E6989
:108EF0007469616C697A65642E005254433A206942
:108F00006E697469616C697A65642E000000000006
:108F10000338FDD8704700000000FFFFDEC0ADDE63
:108F2000FE011EF1DEC0ADDEFF011EF16D656D5F5D
:108F30006D6E67720030313233343536373839412F
:108F40004243444546705F6673002573206368653D
:108F5000636B206661696C656420696E20257328E7
:108F60002920776974682076616C756520307825D2
:108F7000782E00705F66732D3E705F6170690070BF
:108F80005F64657374006C656E00616464725F6930
:108F9000735F616C69676E6564333228737263292D
:108FA00000616464725F69735F77697468696E5F9A
:108FB000626F756E647328705F66732C20737263C2
:108FC0002C206C656E2900705F7372630021286C21
:108FD000656E202520705F66732D3E705F666C6144
:108FE00073685F696E666F2D3E70726F6772616D38
:108FF0005F756E69742900616464725F69735F6193
:109000006C69676E65643332286465737429006126
:109010006464725F69735F616C69676E6564333243
:10902000282875696E7433325F7429705F737263B8
:109030002900616464725F69735F77697468696E3F
:109040005F626F756E647328705F66732C20646551
:1090500073742C206C656E2900616464725F69739F
:109060005F706167655F616C69676E656428705FDA
:1090700066732C20706167655F61646472290061AA
:109080006464725F69735F77697468696E5F626F49
:10909000756E647328705F66732C20706167655FFE
:1090A000616464722C20286C656E202A20705F66D3
:1090B000732D3E705F666C6173685F696E666F2DBD
:1090C0003E65726173655F756E69742929006E7201
:1090D000665F6673746F72616765006E72665F6665
:1090E00073746F726167655F696E6974006E726632
:1090F0005F6673746F726167655F7772697465002C
:109100006E72665F6673746F726167655F657261C8
:109110007365000000100000040000000100000062
:10912000DD9B0200BD9B0200AD9B0200ED9D020095
:10913000A19D0200819B0200859B0200899B020089
:109140007077725F6D676D7400000000048D03001E
:10915000048D030004000000736F72746C697374F3
:10916000004E52465F53554343455353004E5246BB
:109170005F4552524F525F5356435F48414E444CF5
:1091800045525F4D495353494E47004E52465F4545
:1091900052524F525F534F46544445564943455FE0
:1091A0004E4F545F454E41424C4544004E52465F3F
:1091B0004552524F525F494E5445524E414C004E1B
:1091C00052465F4552524F525F4E4F5F4D454D00E4
:1091D0004E52465F4552524F525F4E4F545F464F7C
:1091E000554E44004E52465F4552524F525F4E4FCD
:1091F000545F535550504F52544544004E52465FB1
:109200004552524F525F494E56414C49445F50417E
:1092100052414D004E52465F4552524F525F494EA9
:1092200056414C49445F5354415445004E52465FA9
:109230004552524F525F494E56414C49445F4C454E
:109240004E475448004E52465F4552524F525F4976
:109250004E56414C49445F464C414753004E52469E
:109260005F4552524F525F494E56414C49445F440C
:10927000415441004E52465F4552524F525F444165
:1092800054415F53495A45004E52465F4552524F32
:10929000525F54494D454F5554004E52465F45521A
:1092A000524F525F4E554C4C004E52465F45525203
:1092B0004F525F464F5242494444454E004E52463B
:1092C0005F4552524F525F494E56414C49445F41AF
:1092D000444452004E52465F4552524F525F4255EF
:1092E0005359004E52465F4552524F525F434F4EC4
:1092F0004E5F434F554E54004E52465F4552524FBB
:10930000525F5245534F5552434553004E52465FAC
:109310004552524F525F4D4F44554C455F4E4F544E
:109320005F494E495449414C495A4544004E5246C2
:109330005F4552524F525F4D555445585F494E4913
:10934000545F4641494C4544004E52465F45525297
:109350004F525F4D555445585F4C4F434B5F46410C
:10936000494C4544004E52465F4552524F525F4D64
:10937000555445585F554E4C4F434B5F4641494C01
:109380004544004E52465F4552524F525F4D555430
:1093900045585F434F4E445F494E49545F464149EB
:1093A0004C4544004E52465F4552524F525F4D4F1E
:1093B00044554C455F414C52454144595F494E49E3
:1093C0005449414C495A4544004E52465F45525219
:1093D0004F525F53544F524147455F46554C4C00E6
:1093E0004E52465F4552524F525F4150495F4E4F79
:1093F000545F494D504C454D454E544544004E52E6
:10940000465F4552524F525F464541545552455F63
:109410004E4F545F454E41424C4544004E52465FCC
:109420004552524F525F494F5F50454E44494E4757
:10943000004E52465F4552524F525F4452565F545F
:1094400057495F4552525F4F56455252554E004E56
:1094500052465F4552524F525F4452565F545749ED
:109460005F4552525F414E41434B004E52465F456D
:1094700052524F525F4452565F5457495F455252C1
:109480005F444E41434B004E52465F4552524F524D
:109490005F424C455F495053505F52585F504B54A8
:1094A0005F5452554E4341544544004E52465F4529
:1094B00052524F525F424C455F495053505F4348B0
:1094C000414E4E454C5F414C52454144595F4558D1
:1094D00049535453004E52465F4552524F525F42D9
:1094E0004C455F495053505F4C494E4B5F44495384
:1094F000434F4E4E4543544544004E52465F4552FD
:10950000524F525F424C455F495053505F50454562
:10951000525F52454A454354454400556E6B6E6F49
:10952000776E206572726F7220636F646500000051
:109530000000000061910300010000006D91030034
:10954000020000008B91030003000000AC910300B7
:1095500004000000BF91030005000000D09103004B
:1095600006000000E491030007000000FC910300E6
:109570000800000014920300090000002C92030070
:109580000A000000459203000B0000005D920300FA
:109590000C000000749203000D000000889203008C
:1095A0000E0000009A9203000F000000A992030031
:1095B00010000000BD92030011000000D4920300CF
:1095C00012000000E392030013000000F892030071
:1095D000800000000C930300810000002D93030025
:1095E000820000004993030083000000659303009C
:1095F000840000008393030085000000A49303000F
:1096000086000000C993030090000000E09303006F
:1096100091000000FE930300920000001C940300E0
:109620000082000031940300018200004F94030087
:10963000028200006B940300008400008794030002
:1096400001840000AB94030002840000D594030061
:1096500003840000FA940300636C6F636B00726E06
:109660006700434C4F434B004750494F544500500F
:10967000525300524E4700554152540055415254E6
:1096800045000608290C0000000000000000000052
:109690000338FDD870470000D5AB020041AC020092
:1096A000D1AB02007274745F6C6F675F6261636B51
:1096B000656E64004261636B656E647320666C75F1
:1096C000736865640061707000000000C835002098
:1096D0007F000000483600201B5B306D001B5B31B3
:1096E0003B33316D0025734C6F67732064726F706C
:1096F000706564202825642925730D0A003C2573B4
:109700003E2025733A20002025303278002020208A
:10971000007C002563001B5B313B33306D001B5B1D
:10972000313B33326D001B5B313B33336D001B5BD0
:10973000313B33346D001B5B313B33356D001B5BBC
:10974000313B33366D001B5B313B33376D00776146
:10975000726E696E6700696E666F00646562756738
:1097600000000000D896030016970300DD96030062
:109770001E970300269703002E97030036970300D9
:109780003E9703004697030000000000AA8E0300E6
:109790004E970300569703005B9703004C034C035E
:1097A0004C034C034C034C034C034C034C034C0341
:1097B0004C0360013002000081C5020081C5020037
:1097C00081C5020081C5020081C5020081C5020079
:1097D00081C5020081C5020081C5020081C5020069
:1097E00081C502005DC60200C9C60200D5C50200DF
:1097F000D5C50200D5C50200D5C50200D5C50200F9
:10980000D5C50200D5C50200D5C50200D5C50200E8
:10981000D5C50200D5C50200A5C6020015C70200C5
:10982000E9C50200E9C50200E9C50200E9C5020078
:10983000E9C50200E9C50200E9C50200E9C5020068
:10984000E9C50200E9C50200E9C50200B3C602008D
:1098500023C7020039C7020039C7020039C7020016
:1098600039C7020039C7020039C7020039C70200F0
:1098700039C7020039C7020039C7020039C70200E0
:10988000D5C702008C038C038C038C038C038C03E0
:109890008C038C038C038C038C038C0353746163E3
:1098A0006B206F766572666C6F7720646574656394
:1098B0007465642E00457261736520626F6E647317
:1098C0002100436F6E6E65637465642E0044697396
:1098D000636F6E6E65637465642C20726561736F6F
:1098E0006E2025642E00504859207570646174659F
:1098F00020726571756573742E004741545420437E
:109900006C69656E742054696D656F75742E0047BF
:10991000415454205365727665722054696D656FA9
:1099200075742E00424C455F4741505F4556545F69
:109930005345435F504152414D535F524551554548
:10994000535400424C455F4741505F4556545F4178
:109950005554485F4B45595F524551554553540046
:10996000424C455F4741505F4556545F4C45534319
:109970005F44484B45595F52455155455354004249
:109980004C455F4741505F4556545F415554485FD1
:109990005354415455533A207374617475733D3078
:1099A00078257820626F6E643D30782578206C765B
:1099B000343A202564206B646973745F6F776E3A64
:1099C00030782578206B646973745F706565723ACE
:1099D00030782578004741545420415454204D5448
:1099E00055206F6E20636F6E6E656374696F6E20B5
:1099F00030782578206368616E67656420746F2015
:109A000025642E0046617374206164766572746902
:109A100073696E672E004E6F726469635F48524DC2
:109A2000004E6F7264696353656D69636F6E647530
:109A300063746F72004865617274205261746520AE
:109A400053656E736F72206578616D706C652073FD
:109A50007461727465642E0098530020E8530020EE
:109A600080540020A05400205465726D696E616CB2
:109A7000005254540053454747455200010000002E
:109A80008003380304204000080000006170705F0C
:109A900074696D65725F73746172742829207265D0
:109AA0007475726E656420257300696D5F626C6504
:109AB0005F616464725F67657428292072657475DC
:109AC000726E65642025732E20636F6E6E5F686111
:109AD0006E646C653A2025642E204C696E6B20778D
:109AE0006173206C696B656C7920646973636F6E58
:109AF0006E65637465642E006170705F74696D6576
:109B0000725F73746F7028292072657475726E6548
:109B100064202573004E6F20737061636520746F3D
:109B200020626C61636B6C69737420616E6F746822
:109B30006572207065657220494400706565725FCA
:109B40006D616E616765725F61737400F05700202C
:109B5000546865206C6F63616C206461746162613C
:109B6000736520686173206368616E6765642C208B
:109B7000736F20736F6D65207375627363726970A4
:109B800074696F6E7320746F206E6F746966696399
:109B90006174696F6E7320616E6420696E646963BD
:109BA0006174696F6E7320636F756C64206E6F747F
:109BB00020626520726573746F72656420666F72CF
:109BC00020636F6E6E5F68616E646C652025640053
:109BD0006773636D5F6C6F63616C5F64625F636129
:109BE0006368655F6170706C79282920726574758F
:109BF000726E6564202573207768696368207368D6
:109C00006F756C64206E6F742068617070656E2E65
:109C100020636F6E6E5F68616E646C653A202564C8
:109C2000006773636D5F736572766963655F636810
:109C3000616E6765645F696E645F73656E64282931
:109C40002072657475726E656420257320666F726C
:109C500020636F6E6E5F68616E646C653A20256488
:109C600000466C6173682066756C6C2E20436F75BE
:109C70006C64206E6F742073746F726520646174FD
:109C80006120666F7220636F6E6E5F68616E646CD8
:109C9000653A202564006773636D5F6C6F63616C68
:109CA0005F64625F63616368655F7570646174655A
:109CB00028292072657475726E656420257320668C
:109CC0006F7220636F6E6E5F68616E646C653A20C0
:109CD000256400436F756C64206E6F74206163713E
:109CE0007569726520636F6E6E5F73746174652051
:109CF0007573657220666C6167732E20496E63729E
:109D00006561736520424C455F434F4E4E5F53542F
:109D10004154455F555345525F464C41475F434F61
:109D2000554E5420696E2074686520626C655F63CF
:109D30006F6E6E5F7374617465206D6F64756C65B2
:109D40002E0043415220636861722076616C756514
:109D500020636F756C646E27742062652073746F66
:109D600072656420286572726F723A202573292EFD
:109D7000205265617474656D70742077696C6C2015
:109D800068617070656E206F6E20746865206E6506
:109D9000787420636F6E6E656374696F6E2E005504
:109DA0006E65787065637465642047415454207310
:109DB0007461747573207768696C65206765747465
:109DC000696E672043415220636861722076616C3E
:109DD00075653A2030782578004D756C7469706C23
:109DE00065202825642920434152206368617261FF
:109DF0006374657269737469637320666F756E64EA
:109E00002C207573696E67207468652066697273AB
:109E1000742E00556E6578706563746564204341E7
:109E200052206368617261637465726973746963F7
:109E30002076616C7565206C656E677468202825D6
:109E400064292C2073746F726520302E0070656554
:109E5000725F6D616E616765725F67636D000100BF
:109E6000FFFF000000000000010000007064735F4D
:109E7000706565725F646174615F73746F72652889
:109E8000292072657475726E656420257320776869
:109E9000696C652073746F72696E67207365727682
:109EA000696365206368616E676564737461746576
:109EB00020666F7220706565722069642025642EAB
:109EC0000044696420616E6F746865722074687202
:109ED000656164206D616E6970756C617465205098
:109EE0004D5F504545525F444154415F49445F478F
:109EF0004154545F4C4F43414C20666F7220706553
:109F000065725F696420256420617420746865202F
:109F100073616D652074696D653F207064625F7761
:109F2000726974655F6275665F72656C65617365A1
:109F300028292072657475726E65642025732E0061
:109F400073645F626C655F67617474735F73797368
:109F50005F617474725F736574282920726574750B
:109F6000726E6564204E52465F4552524F525F49B1
:109F70004E56414C49445F4441544120666F722023
:109F80004E554C4C20706F696E746572207768690D
:109F900063682073686F756C64206E6576657220E7
:109FA00068617070656E2E20636F6E6E5F68616EA3
:109FB000646C653A2025640073645F626C655F675A
:109FC000617474735F696E697469616C5F757365E0
:109FD000725F68616E646C655F67657428292072C2
:109FE000657475726E65642025732077686963688F
:109FF0002073686F756C64206E6F74206861707078
:10A00000656E2E00706565725F6D616E6167657269
:10A010005F6773636D0000000100010028A003006A
:10A02000010001002CA0030001000000000000005E
:10A03000706565725F6D616E616765725F696D0005
:10A040005570646174696E672064617461206C6529
:10A050006E67746820746F202575206F6E20636FA3
:10A060006E6E656374696F6E20307825782E00738C
:10A07000645F626C655F6761705F646174615F6C8F
:10A08000656E6774685F757064617465282920283F
:10A090007265717565737429206F6E20636F6E6EC3
:10A0A000656374696F6E20307825782072657475E9
:10A0B000726E65642025732E005468652072657188
:10A0C0007565737465642054582F5258207061630D
:10A0D0006B6574206C656E67746820697320746F9B
:10A0E0006F206C6F6E672062792025752F25752093
:10A0F0006F63746574732E005468652072657175A2
:10A10000657374656420636F6D62696E6174696FF5
:10A110006E206F6620545820616E64205258207063
:10A1200061636B6574206C656E6774687320697316
:10A1300020746F6F206C6F6E672062792025752008
:10A140006D6963726F7365636F6E64732E00526521
:10A150007175657374696E6720746F2075706461C2
:10A16000746520415454204D545520746F2025753A
:10A17000206279746573206F6E20636F6E6E656305
:10A1800074696F6E20307825782E0073645F626C7E
:10A19000655F67617474635F65786368616E676546
:10A1A0005F6D74755F726571756573742829206FB2
:10A1B0006E20636F6E6E656374696F6E20307825F4
:10A1C000782072657475726E656420627573792C7F
:10A1D0002077696C6C2072657472792E0073645FED
:10A1E000626C655F67617474635F65786368616EF4
:10A1F00067655F6D74755F72657175657374282925
:10A200002072657475726E65642025732E0041544A
:10A2100054204D5455207570646174656420746FCA
:10A22000202575206279746573206F6E20636F6ED0
:10A230006E656374696F6E203078257820287265AA
:10A2400073706F6E7365292E0050656572206F6E96
:10A2500020636F6E6E656374696F6E203078257849
:10A260002072657175657374656420616E20415458
:10A2700054204D5455206F662025752062797465F1
:10A28000732E005570646174696E672041545420C8
:10A290004D545520746F20257520627974657320A4
:10A2A00028646573697265643A20257529206F6E8C
:10A2B00020636F6E6E656374696F6E2030782578E9
:10A2C0002E0073645F626C655F67617474735F65B1
:10A2D000786368616E67655F6D74755F7265706CD9
:10A2E0007928292072657475726E65642025732E35
:10A2F0000044617461206C656E67746820757064D9
:10A300006174656420746F202575206F6E20636F03
:10A310006E6E656374696F6E2030782530782E001C
:10A320006D61785F72785F6F63746574733A20252E
:10A3300075006D61785F74785F6F63746574733AEC
:10A34000202575006D61785F72785F74696D653A7C
:10A35000202575006D61785F74785F74696D653A6A
:10A360002025750050656572206F6E20636F6E6EDC
:10A37000656374696F6E2030782578207265717519
:10A38000657374656420612064617461206C656E1E
:10A39000677468206F662025752062797465732E56
:10A3A0000052657175657374696E6720746F2075EE
:10A3B000706461746520415454204D545520746F6D
:10A3C000202575206279746573206F6E20636F6E2F
:10A3D0006E656374696F6E20307825782028726509
:10A3E000747279292E006E72665F626C655F6761B8
:10A3F00074740047656E65726174696E67204543C9
:10A4000043206B65792070616972006E72665F63CC
:10A41000727970746F5F6563635F6B65795F70619C
:10A4200069725F67656E657261746528292072655F
:10A430007475726E6564206572726F722030782553
:10A44000782E006E72665F63727970746F5F6563F9
:10A45000635F7075626C69635F6B65795F746F5F72
:10A4600072617728292072657475726E6564206543
:10A4700072726F7220307825782E006E72665F637C
:10A48000727970746F5F6563635F627974655F6F23
:10A49000726465725F696E766572742829207265D0
:10A4A0007475726E6564206572726F7220307825E3
:10A4B000782E006E72665F63727970746F5F696E7A
:10A4C000697428292072657475726E6564206572DE
:10A4D000726F7220307825782E00496E6974696138
:10A4E0006C697A6564206E72665F63727970746FEE
:10A4F0002E00496E697469616C697A6564206E72B8
:10A50000665F626C655F6C6573632E005472796977
:10A510006E6720746F20616363657373204C4553CD
:10A5200043207075626C6963206B65792074686183
:10A530007420686173206E6F74206265656E206799
:10A54000656E657261746564207965742E0043617F
:10A550006C6C696E672073645F626C655F676170C5
:10A560005F6C6573635F64686B65795F7265706C5F
:10A5700079206F6E20636F6E6E5F68616E646C65CC
:10A580003A202564004372656174696E6720696EC4
:10A5900076616C69642073686172656420736563B9
:10A5A00072657420746F206D616B65204C45534358
:10A5B000206661696C2E0073645F626C655F676121
:10A5C000705F6C6573635F6F6F625F646174615F1E
:10A5D00073657428292072657475726E65642065D0
:10A5E00072726F7220307825782E006E72665F630B
:10A5F000727970746F5F6563635F7075626C6963B5
:10A600005F6B65795F66726F6D5F72617728292075
:10A6100072657475726E6564206572726F72203037
:10A620007825782E006E72665F626C655F6C65736C
:10A630006300436F756C64206E6F742064656C6595
:10A640007465207065657220646174612E20666493
:10A65000735F66696C655F64656C65746528292045
:10A6600072657475726E6564203078257820666F27
:10A670007220706565725F69643A20256400436FDB
:10A68000756C64206E6F7420696E697469616C69A1
:10A690007A6520666C6173682073746F7261676598
:10A6A0002E206664735F726567697374657228290A
:10A6B0002072657475726E656420307825782E007E
:10A6C000436F756C64206E6F7420696E6974696184
:10A6D0006C697A6520666C6173682073746F72614F
:10A6E00067652E206664735F696E6974282920721D
:10A6F000657475726E656420307825782E00436F1E
:10A70000756C64206E6F7420777269746520646163
:10A71000746120746F20666C6173682E20666473A8
:10A720005F7265636F72645F7B77726974657C7555
:10A7300070646174657D28292072657475726E6518
:10A740006420307825782E20706565725F69643AE0
:10A7500020256400706565725F6D616E616765726A
:10A760005F70647300706D5F6275666665725F70BE
:10A7700074725F676574282920636F756C64206E3E
:10A780006F742072657472696576652052414D2040
:10A790006275666665722E20626C6F636B5F6964BA
:10A7A0003A202564007064735F706565725F646150
:10A7B00074615F73746F7265282920726574757295
:10A7C0006E65642025732E20706565725F69643A3A
:10A7D00020256400536F6D6520706565722064618B
:10A7E000746120776173206E6F742070726F706572
:10A7F000726C79207772697474656E20746F20664C
:10A800006C6173682E2077726974655F6275665F2C
:10A8100073746F726528292072657475726E656431
:10A8200020257320666F7220706565725F69643AD7
:10A8300020256400504D5F4255464645525F494EC3
:10A84000495428292072657475726E6564202573D9
:10A850002E0043616E6E6F742073746F7265206496
:10A8600061746120746F20666C6173682062656337
:10A870006175736520706D5F6275666665725F7085
:10A8800074725F676574282920636F756C64206E2D
:10A890006F742072657472696576652052414D202F
:10A8A0006275666665722E20497320626C6F636BF9
:10A8B0005F6964202564206E6F7420616C6C6F6327
:10A8C000617465643F007064625F77726974655F8C
:10A8D0006275665F72656C656173652829207265B3
:10A8E0007475726E656420257320776869636820CB
:10A8F00073686F756C64206E6F742068617070652A
:10A900006E2E20706565725F69643A2025642C2084
:10A91000646174615F69643A202564005065657202
:10A9200020494420256420776173206E6F74207065
:10A93000726F7065726C792072656C6561736564A5
:10A940002E207064735F706565725F69645F667204
:10A95000656528292072657475726E65642025739B
:10A960002E20706565725F69643A20256400706509
:10A9700065725F6D616E616765725F70646200250C
:10A9800073206661696C65642062656361757365D7
:10A99000207064735F696E6974282920726574750C
:10A9A000726E65642025732E002573206661696CC4
:10A9B00065642062656361757365207064625F69B8
:10A9C0006E697428292072657475726E656420251D
:10A9D000732E002573206661696C6564206265636F
:10A9E0006175736520736D5F696E697428292072C3
:10A9F000657475726E65642025732E00257320665C
:10AA000061696C6564206265636175736520736D4F
:10AA1000645F696E697428292072657475726E6549
:10AA2000642025732E002573206661696C6564209F
:10AA3000626563617573652067636D5F696E6974D4
:10AA400028292072657475726E65642025732E0046
:10AA50002573206661696C65642062656361757346
:10AA600065206773636D5F696E697428292072655C
:10AA70007475726E65642025732E00257328292055
:10AA80006661696C656420626563617573652061E8
:10AA90002063616C6C20746F20706D5F70656572EF
:10AAA0005F64656C65746528292072657475726EC3
:10AAB00065642025732E20706565725F69643A2095
:10AAC000256400436F756C64206E6F74207265742A
:10AAD00072656976652072616E6B732E2070646298
:10AAE0005F706565725F646174615F6C6F6164283B
:10AAF000292072657475726E65642025732E20702E
:10AB00006565725F69643A20256400436F756C6403
:10AB1000206E6F74207570646174652072616E6B55
:10AB20002E207064625F7261775F73746F72652844
:10AB3000292072657475726E65642025732E2070ED
:10AB40006565725F69643A20256400706565725FAF
:10AB50006D616E616765720001000600406D002046
:10AB6000706D5F696E697400706D5F70656572739A
:10AB70005F64656C65746500706D5F636F6E6E5FBA
:10AB80007365637572652829206661696C65642048
:10AB90006265636175736520616E20534D5020744A
:10ABA000696D656F75742069732070726576656E66
:10ABB00074696E67207365637572697479206F6E4E
:10ABC00020746865206C696E6B2E20446973636F16
:10ABD0006E6E656374696E6720636F6E6E5F686129
:10ABE0006E646C652025642E0073645F626C655F23
:10ABF0006761705F646973636F6E6E656374282943
:10AC00002072657475726E6564202573206F6E20E6
:10AC1000636F6E6E5F68616E646C652025642E00E4
:10AC2000706D5F636F6E6E5F736563757265282903
:10AC3000206661696C656420626563617573652077
:10AC40007468652073746F72656420646174612038
:10AC5000666F7220636F6E6E5F68616E646C6520F4
:10AC6000256420646F6573206E6F7420686176655B
:10AC700020612076616C6964206B65792E00706DAF
:10AC80005F636F6E6E5F73656375726528292066FA
:10AC900061696C6564206265636175736520636FCB
:10ACA0006E6E5F68616E646C652025642069732038
:10ACB0006E6F7420612076616C696420636F6E6EC4
:10ACC000656374696F6E2E00417373657274696E8B
:10ACD000672E20706D5F636F6E6E5F736563757254
:10ACE0006528292072657475726E6564202573204D
:10ACF0006F6E20636F6E6E5F68616E646C65202599
:10AD0000642E00417474656D7074696E6720746F91
:10AD100020636C65616E20666C6173682E0044650B
:10AD20006C6574696E67206C6F77657374207261EF
:10AD30006E6B656420706565722028706565725F52
:10AD400069643A202564290054686572652061723F
:10AD500065206E6F20706565727320746F20646566
:10AD60006C6574652E00506565722072616E6B7340
:10AD70002066756E6374696F6E616C6974792069A1
:10AD8000732064697361626C65642C20736F206E3C
:10AD90006F207065657273206172652064656C65F3
:10ADA0007465642E00436F6E6E656374696F6E2008
:10ADB000736563757265643A20726F6C653A20251D
:10ADC000732C20636F6E6E5F68616E646C653A20F1
:10ADD00025642C2070726F6365647572653A202556
:10ADE0007300436F6E6E656374696F6E2073656385
:10ADF0007572697479206661696C65643A20726F56
:10AE00006C653A2025732C20636F6E6E5F68616EEF
:10AE1000646C653A20307825782C2070726F6365F9
:10AE2000647572653A2025732C206572726F723AD0
:10AE300020256400466C6173682073746F726167CB
:10AE4000652069732066756C6C00556E6578706559
:10AE50006374656420666174616C206572726F72E0
:10AE6000206F636375727265643A206572726F72E7
:10AE70003A202573002C206E6F206368616E676531
:10AE8000005065657220646174612075706461743E
:10AE9000656420696E20666C6173683A2070656530
:10AEA000725F69643A2025642C20646174615F6973
:10AEB000643A2025732C20616374696F6E3A2025F3
:10AEC000732573005065657220646174612075702C
:10AED0006461746564206661696C65643A207065BC
:10AEE00065725F69643A2025642C20646174615F37
:10AEF00069643A2025732C20616374696F6E3A206F
:10AF000025732C206572726F723A2025730050658C
:10AF100065722064656C6574656420737563636530
:10AF2000737366756C6C793A20706565725F6964DD
:10AF30003A20256400506565722064656C6574690B
:10AF40006F6E206661696C65643A20706565725F3A
:10AF500069643A2025642C206572726F723A20254C
:10AF60007300416C6C2070656572732064656C655C
:10AF70007465642E00416C6C207065657220646598
:10AF80006C6574696F6E206661696C65643A2065F2
:10AF900072726F723A202573004C6F63616C2044AB
:10AFA0004220636F756C64206E6F7420626520614F
:10AFB00070706C6965643A20636F6E6E5F68616E75
:10AFC000646C653A2025642C20706565725F696445
:10AFD0003A20256400466C61736820676172626183
:10AFE000676520636F6C6C656374696F6E20666162
:10AFF000696C65642077697468206572726F72206D
:10B0000025732E00556E65787065637465642050F5
:10B010004D206576656E742049443A203078257855
:10B020002E00417373657274696E672E00557064EB
:10B030006174650044656C657465004F7574646186
:10B040007465642028302900536572766963652031
:10B050006368616E6765642070656E64696E672001
:10B06000666C6167004F7574646174656420283292
:10B0700029004F7574646174656420283329004188
:10B0800070706C69636174696F6E206461746100D3
:10B0900052656D6F746520646174616261736500EF
:10B0A000506565722072616E6B00426F6E64696EEE
:10B0B000672064617461004C6F63616C206461742B
:10B0C00061626173650043656E7472616C206164D6
:10B0D0006472657373207265736F6C7574696F6EDB
:10B0E00000456E6372797074696F6E00426F6E64B2
:10B0F000696E670050616972696E6700496E7661BA
:10B100006C696420526F6C65005065726970686587
:10B1100072616C0043656E7472616C00706565727B
:10B120005F6D616E616765725F68616E646C6572A8
:10B13000000000002DB0030034B003003BB003005A
:10B1400048B0030065B0030072B003007FB0030095
:10B1500090B00300A0B00300AAB00300B7B0030092
:10B16000C6B00300FCB0030009B1030014B1030032
:10B17000E1B00300ECB00300F4B00300436F756C62
:10B1800064206E6F7420636C65616E207570206141
:10B1900066746572206661696C656420626F6E64B6
:10B1A000696E672070726F6365647572652E2070BA
:10B1B00064625F77726974655F6275665F72656C01
:10B1C0006561736528292072657475726E656420E7
:10B1D00025732E20636F6E6E5F68616E646C653AD6
:10B1E0002025642E00436F756C64206E6F7420728E
:10B1F000657472696576652052414D206275666698
:10B20000657220666F7220696E636F6D696E67206C
:10B21000626F6E642E207064625F77726974655F1E
:10B220006275665F67657428292072657475726E31
:10B2300065642025732E20636F6E6E5F68616E6497
:10B240006C653A2025640073645F626C655F6761BA
:10B25000705F7365635F696E666F5F7265706C794E
:10B2600028292072657475726E6564204E52465F9F
:10B2700045524F525F494E56414C49445F535441E9
:10B2800054452C20776869636820697320616E6576
:10B2900072726F7220756E6C6573732074686520AE
:10B2A0006C696E6B20697320646973636F6E6E6581
:10B2B0006374696E672E00436F756C64206E6F74E3
:10B2C00020636F6D706C65746520656E6372797054
:10B2D00074696F6E2070726F6365647572652E207D
:10B2E00073645F626C655F6761705F7365635F69FC
:10B2F0006E666F5F7265706C79282920726574754F
:10B30000726E65642025732E20636F6E6E5F6861B8
:10B310006E646C653A2025642C20706565725F69E7
:10B32000643A2025642E0052414D206275666665A0
:10B330007220666F72206E657720626F6E64207770
:10B34000617320756E617661696C61626C652E2037
:10B350007064625F77726974655F6275665F676566
:10B360007428292072657475726E65642025732EA9
:10B3700020636F6E6E5F68616E646C653A20256451
:10B380002E00436F756C64206E6F7420616C6C6F5F
:10B3900063617465206E657720706565725F6964AE
:10B3A00020666F7220696E636F6D696E6720626FD1
:10B3B0006E642E00436F756C64206E6F742073741E
:10B3C0006F726520626F6E642E207064625F7772A8
:10B3D0006974655F6275665F73746F726528292092
:10B3E00072657475726E65642025732E20636F6EAE
:10B3F0006E5F68616E646C653A2025642C20706510
:10B4000065725F69643A20256400706565725F6DDE
:10B41000616E616765725F736D640043616E6E6F2C
:10B420007420736563757265206C696E6B2062654C
:10B43000636175736520612070726576696F7573DD
:10B440002073656375726974792070726F636564C7
:10B4500075726520656E64656420696E2074696D1F
:10B46000656F75742E20446973636F6E6E656374C7
:10B4700020616E642072657472792E20736D645F32
:10B48000706172616D735F7265706C792829206FCD
:10B490007220736D645F6C696E6B5F736563757248
:10B4A0006528292072657475726E6564204E524657
:10B4B0005F4552524F525F54494D454F55542E20CF
:10B4C000636F6E6E5F68616E646C653A2025640020
:10B4D000436F756C64206E6F7420706572666F7256
:10B4E0006D2073656375726974792070726F63651E
:10B4F000647572652E20736D645F706172616D7327
:10B500005F7265706C792829206F7220736D645F9B
:10B510006C696E6B5F73656375726528292072654F
:10B520007475726E65642025732E20636F6E6E5F76
:10B5300068616E646C653A20256400436F756C64C5
:10B54000206E6F7420706572666F726D2073656314
:10B5500075726974792070726F6365647572652E97
:10B5600020736D645F6C696E6B5F73656375726584
:10B5700028292072657475726E65642025732E20EB
:10B58000636F6E6E5F68616E646C653A202564005F
:10B59000706565725F6D616E616765725F736D0086
:10B5A000626C655F626173006E72665F73646800EF
:10B5B00001000007188D0300208D03000800000023
:10B5C000388D0300488D030008000000208D030023
:10B5D000388D03000800000073645F626C655F6370
:10B5E00066675F73657428292072657475726E656D
:10B5F00064202573207768656E20617474656D70B2
:10B6000074696E6720746F2073657420424C455FC7
:10B61000434F4E4E5F4346475F4741502E00736491
:10B620005F626C655F6366675F736574282920726B
:10B63000657475726E6564202573207768656E2069
:10B64000617474656D7074696E6720746F207365C2
:10B650007420424C455F4741505F4346475F524F1D
:10B660004C455F434F554E542E0073645F626C65CA
:10B670005F6366675F7365742829207265747572ED
:10B680006E6564202573207768656E20617474652B
:10B690006D7074696E6720746F2073657420424CFE
:10B6A000455F434F4E4E5F4346475F474154542EDC
:10B6B0000073645F626C655F6366675F73657428BF
:10B6C000292072657475726E656420257320776811
:10B6D000656E20617474656D7074696E6720746F37
:10B6E0002073657420424C455F434F4D4D4F4E5F74
:10B6F0004346475F56535F555549442E0073645F78
:10B70000626C655F6366675F736574282920726584
:10B710007475726E6564202573207768656E20618C
:10B720007474656D7074696E6720746F20736574CE
:10B7300020424C455F47415454535F4346475F4165
:10B740005454525F5441425F53495A452E0073642A
:10B750005F626C655F6366675F736574282920723A
:10B76000657475726E6564202573207768656E2038
:10B77000617474656D7074696E6720746F20736591
:10B780007420424C455F47415454535F4346475FE2
:10B79000534552564943455F4348414E4745442E21
:10B7A00000496E73756666696369656E74205241FF
:10B7B0004D20616C6C6F636174656420666F7220EC
:10B7C00074686520536F66744465766963652E00FE
:10B7D0004368616E6765207468652052414D20732F
:10B7E00074617274206C6F636174696F6E2066722D
:10B7F0006F6D203078257820746F20307825782E72
:10B80000004D6178696D756D2052414D2073697AE4
:10B810006520666F72206170706C69636174696F16
:10B820006E20697320307825782E0073645F626C17
:10B83000655F656E61626C6528292072657475723A
:10B840006E65642025732E006E72665F7364685F98
:10B85000626C6500B48C0300048D030008000000D6
:10B860006E72665F7364685F736F6300A48C03001D
:10B87000B48C03000800000043000000504F5349FF
:10B880005800000020202020202020202068282888
:10B890002828202020202020202020202020202098
:10B8A0002020202048101010101010101010101020
:10B8B0001010101084848484848484848484101000
:10B8C000101010101081818181818101010101011D
:10B8D0000101010101010101010101010101011049
:10B8E00010101010108282828282820202020202F2
:10B8F000020202020202020202020202020202101A
:10B9000010101020000703200417020108571040F0
:10B910008000000078B803007CB9030090BA0300EF
:10B9200053756E004D6F6E00547565005765640069
:10B93000546875004672690053617400000000008D
:10B940004A616E00466562004D617200417072008E
:10B950004D6179004A756E004A756C00417567004B
:10B96000536570004F6374004E6F7600446563004A
:10B9700000000000414D00504D000000B4BA03002B
:10B98000B0BA0300B0BA0300B0BA0300B0BA030003
:10B99000B0BA0300B0BA0300B0BA0300B0BA0300F3
:10B9A000B0BA0300FFFFFFFFFFFFFFFFFFFFFFFF36
:10B9B000FFFF0000F0B9030020B903002CBA030018
:10B9C00040B9030074B90300D4B9030084BA03007A
:10B9D000E0B90300256D2F25642F257900000000B4
:10B9E0002561202562202565202554202559000049
:10B9F00053756E646179004D6F6E646179005475A2
:10BA00006573646179005765646E6573646179007C
:10BA10005468757273646179004672696461790073
:10BA20005361747572646179000000004A616E753B
:10BA3000617279004665627275617279004D61725A
:10BA4000636800417072696C004D6179004A756EDF
:10BA500065004A756C7900417567757374005365AC
:10BA60007074656D626572004F63746F6265720019
:10BA70004E6F76656D62657200446563656D6265E3
:10BA80007200000025483A254D3A25530000000079
:10BA9000DD220300F9220300052303001123030024
:10BAA0002D23030039230300452303005323030000
:10BAB000000000002E000000140000002000000024
:10BAC0001C000000400000004661696C20746F207B
:10BAD00061637175697265206D757465780A00001F
:10BAE0004661696C20746F2072656C6561736520B6
:10BAF0006D757465780A00004661696C20746F206A
:10BB0000696E63726561736520504D20636F756E59
:10BB10007465720A000000004661696C20746F2031
:10BB2000646563726561736520504D20636F756E47
:10BB30007465720A00000000000102030405060794
:10BB400008090A0B0C0D0E0F1011121314151617FD
:10BB500018191A1B1C1D1E1FC6A13B37878F5B823D
:10BB60006F4F8162A1C8D8799503E3A2245A2BE4D0
:10BB70003C9874EDFE1BED9EF29000B62A499FD0D2
:10BB8000A9F39A6ADD2E77809DBA41A777F3B46A4C
:10BB900037B7AAAE49D6DF8D2F7A3C600708D1248B
:10BBA000ACD3C5DE3B6584470123456789ABCDEF48
:10BBB000FEDCBA9876543210F0E1D2C3D89E05C1AB
:10BBC00007D57C3617DD703039590EF7310BC0FFC1
:10BBD00011155868A78FF964A44FFABE67E6096A81
:10BBE00085AE67BB72F36E3C3AF54FA57F520E519E
:10BBF0008C68059BABD9831F19CDE05B08C9BCF3EA
:10BC000067E6096A3BA7CA8485AE67BB2BF894FE3A
:10BC100072F36E3CF1361D5F3AF54FA5D182E6AD69
:10BC20007F520E511F6C3E2B8C68059B6BBD41FBF8
:10BC3000ABD9831F79217E1319CDE05B0000000092
:10BC4000010000000300000002000000FFFFFFFFF2
:10BC5000070000004661696C20746F2067657420DE
:10BC600054524E4720636861726163746572697AE9
:10BC70006174696F6E20706172616D657465727355
:10BC8000200A00004661696C20746F206372656150
:10BC900074652053594D206D757465780A00000055
:10BCA0004661696C20746F20637265617465204120
:10BCB00053594D206D757465780A00004661696CB2
:10BCC000656420746F2063726561746520506F77BE
:10BCD0006572206D757465780A0000004661696CB4
:10BCE00020746F206372656174652047656E5665C8
:10BCF00063206D757465780A0000000043616E274B
:10BD00007420696E697469616C697A65206D7574F7
:10BD100065782C20776173204E554C4C0D0A00003D
:10BD200043616E2774206C6F636B206D757465784A
:10BD30002C20776173204E554C4C0D0A00000000FA
:10BD400043616E277420756E6C6F636B206D757424
:10BD500065782C20776173204E554C4C0D0A0000FD
:10BD6000536153695F48616C57616974496E7465CA
:10BD700072727570742063616E74207761697420CB
:10BD8000666F72206E6F7468696E670A000000004B
:10BD9000000102030405060708090A0B0C0D0E0F2B
:10BDA000101112131415161718191A1B1C1D1E1F1B
:10BDB00022AE28D7982F8A42CD65EF239144377160
:10BDC0002F3B4DECCFFBC0B5BCDB8981A5DBB5E9D2
:10BDD00038B548F35BC2563919D005B6F111F1599F
:10BDE0009B4F19AFA4823F9218816DDAD55E1CABD0
:10BDF000420203A398AA07D8BE6F7045015B831265
:10BE00008CB2E44EBE853124E2B4FFD5C37D0C551F
:10BE10006F897BF2745DBE72B196163BFEB1DE8017
:10BE20003512C725A706DC9B942669CF74F19BC108
:10BE3000D24AF19EC1699BE4E3254F388647BEEFA5
:10BE4000B5D58C8BC69DC10F659CAC77CCA10C245D
:10BE500075022B596F2CE92D83E4A66EAA84744ACF
:10BE6000D4FB41BDDCA9B05CB5531183DA88F97607
:10BE7000ABDF66EE52513E981032B42D6DC631A83C
:10BE80003F21FB98C82703B0E40EEFBEC77F59BF20
:10BE9000C28FA83DF30BE0C625A70A934791A7D50B
:10BEA0006F8203E05163CA06706E0E0A6729291477
:10BEB000FC2FD246850AB72726C9265C38211B2EBF
:10BEC000ED2AC45AFC6D2C4DDFB3959D130D3853EC
:10BED000DE63AF8B54730A65A8B2773CBB0A6A76FF
:10BEE000E6AEED472EC9C2813B358214852C729295
:10BEF0006403F14CA1E8BFA2013042BC4B661AA812
:10BF00009197F8D0708B4BC230BE5406A3516CC7CA
:10BF10001852EFD619E892D110A96555240699D682
:10BF20002A20715785350EF4B8D1BB3270A06A1043
:10BF3000C8D0D2B816C1A41953AB4151086C371EF2
:10BF400099EB8EDF4C774827A8489BE1B5BCB0340D
:10BF5000635AC9C5B30C1C39CB8A41E34AAAD84EEF
:10BF600073E363774FCA9C5BA3B8B2D6F36F2E68B6
:10BF7000FCB2EF5DEE828F74602F17436F63A5787C
:10BF800072ABF0A11478C884EC39641A0802C78C2B
:10BF9000281E6323FAFFBE90E9BD82DEEB6C50A43D
:10BFA0001579C6B2F7A3F9BE2B5372E3F27871C6C6
:10BFB0009C6126EACE3E27CA07C2C021C7B886D1F7
:10BFC0001EEBE0CDD67DDAEA78D16EEE7F4F7DF5BF
:10BFD000BA6F1772AA67F006A698C8A2C57D630A51
:10BFE000AE0DF9BE04983F111B471C13350B711B96
:10BFF000847D0423F577DB289324C7407BABCA32CA
:10C00000BCBEC9150ABE9E3C4C0D109CC4671D43A6
:10C01000B6423ECBBED4C54C2A7E65FC9C297F59D6
:10C02000ECFAD63AAB6FCB5F1758474A8C19446C81
:10C03000EDFFFFFFFFFFFFFFFFFFFFFFFFFFFFFF22
:10C04000FFFFFFFFFFFFFFFFFFFFFFFFFFFFFF7F80
:10C05000FF000000080000000900000000000000D0
:10C0600000000000000000000000000000000000D0
:10C070000000000000000000D9D3CE7EA2C5E9294F
:10C08000B2617C6D7E4D3D924CD148772CDD1EE037
:10C09000B486A0B8A119AE20EDD3F55C1A6312588E
:10C0A000D69CF7A2DEF9DE140000000000000000BC
:10C0B0000000000000000010FD000000080000006B
:10C0C0000800000042DB010000000000000000004A
:10C0D0000000000000000000000000000000000060
:10C0E00000000000000000000000000080000000D0
:10C0F0000000000000000000FFFFFFFFFFFFFFFF48
:10C100003F000000000000000000000000000000F0
:10C110004375727665323535313900000000000014
:10C1200000000000F87F4000EDFFFFFFFFFFFFFF72
:10C13000FFFFFFFFFFFFFFFFFFFFFFFFFFFFFFFF0F
:10C14000FFFFFFFFFFFFFF7FFF0000000800000070
:10C150001AD5258F602D56C9B2A7259560C72C69C1
:10C160005CDCD6FD31E2A4C0FE536ECDD33669212E
:10C17000586666666666666666666666666666666D
:10C18000666666666666666666666666666666664F
:10C19000EDD3F55C1A631258D69CF7A2DEF9DE14D3
:10C1A000000000000000000000000000000000107F
:10C1B000FD0000000800000008000000A3785913EB
:10C1C000CA4DEB75ABD841414D0A700098E87977BC
:10C1D0007940C78C73FE6F2BEE6C0352A3DDB7A5BD
:10C1E000B38ADE6DF5525177809FF0207DE3AB641A
:10C1F0008E4EEA6665768BD70F5F8767853B8CF539
:10C20000C693BC2F190E8CFBC62D93CFC2423D6442
:10C2100098480B2765BAD4333A9DCF073E9140D753
:10C220000539109DB3BE40D1059F39FD098A8F683D
:10C230003484C1A56712F898922FFD4468AA7A87C2
:10C240000512C9AB9EC4AACC23E8D9268C5943DD7C
:10C25000CB7D1B5AA8650C9F687B116F855585782F
:10C26000FAED3654613B5533DC1726D973A6BC2250
:10C270003482E4A5579AF3609784EE10D7713C930B
:10C28000FCE72492B5F50F7A969D469F0207D6E10A
:10C29000659AA65A2E2E7DA83F060C59A8D5B44201
:10C2A00060A5998AF6AC604E0C812B8FAA376EB1CF
:10C2B0006B239EE05525C969A695B56B5F7A9BA552
:10C2C000B3A8FA4378CF9A5DDD6BC136316A3D0B76
:10C2D00084A00F50730BA53EB1F51A708E85645A79
:10C2E0004C5705BC873065A222943EC9CE95C2F456
:10C2F0007B5FF0AF8CF45AC14E0AE50F9F09FC8EAC
:10C30000B95173283825FD7DF4C6656765920AFB2F
:10C310003D8D34CA2787E52103910E68BF18680553
:10C320000A05FE95A9FA605671897E327350A006FF
:10C33000CDE3E8C39AA445744C3F932709FF76C424
:10C34000E9FB135A72C15C7B45399E6E94442B10F5
:10C35000F9DCDB5D2B3E5563BF0C9D7FE400893B20
:10C360001604ECA58D3EA384BAC661916BBBD4EFD5
:10C37000062324A2D4C1AA9C40F362008F3EDD04B0
:10C380006659B7592C7088E27703B36C23C3D95E22
:10C39000669C33B12FE5BC6160E71509D93492F38F
:10C3A000ED5DA7E2F958B5E180763D96FB233C6E42
:10C3B000AC41272CC3010E32A124903A1A91A2C994
:10C3C000D9F5C1E7D7A7CC8B7871A3B8322AB60EBE
:10C3D00019126463954ECC2E5C7C9026D36E5D362C
:10C3E000260A3E1828583374878E5C47CDD549F10C
:10C3F000E6ED9B9C6AB133D1A3836F59F621902D52
:10C40000A5042D329CBFC675339FC1B9090BD2421A
:10C41000433A7A5861FE64AAF81C3B14F32D3E554A
:10C42000CA51C87EB37848A6CB8412A7E7D1883218
:10C4300019E4B5E683889A5AEC10F24CABCA8A9696
:10C440007D7C869F292709278E25545F750918EA68
:10C450004BD3A7D0E1264137A346B52142357569B4
:10C4600082837960D6D8F6D871DAABA08AF6E71560
:10C47000B42C582F1ED9BEC85CB94A5E0ECE4328D4
:10C480004EA1C5835FA4D715458E0D08ACE73318C0
:10C490007D3B043D6C045A9F4C38AB36C9A3F86A07
:10C4A000AE465F0E56513864510F3997561FA2C9D8
:10C4B000E85EA21DC2292309F3CD602201B4696D93
:10C4C000553F1AB70224F7C1C9AC795D13B40373A1
:10C4D000085FE51DDC682F0B85A7982470F8C9C498
:10C4E00057A63A494715CE93C19E731AF920357A5B
:10C4F000B8D4258346F1CF56DBA83D202F1132CA90
:10C5000061AB38DFF00F2FEA3228F24C6C71D58026
:10C5100085B80E47E19515CB27E8D04758138A72A6
:10C52000F6228F5FCA07DDB61EE3957160297CC6CF
:10C530006ABA14720C2673D8D83C7822264F7E979C
:10C54000F640DD4FFC5278F9903103E67D56390B09
:10C550001D568285F91A4217696CCF3969D2063A9D
:10C560004F392DF938408C4CE70512B4788BF8C060
:10C57000EC93DE7A6BCE2CE10EA934449FC6E259CF
:10C580007F74C123B5A6B876C1564E7195A5476D87
:10C590005484A3D36D6C74127911F86D59F1B226DD
:10C5A000949BD6EB56B183829A14E00030D1F3EE1F
:10C5B000F2808E19E7FCDF56DCD90624FDFFFFFF71
:10C5C000FFFFFFFFFFFFFFFFFFFFFFFFFFFFFFFF7B
:10C5D000FFFFFFFFFFFFFFFFFFFFFF0FB0A00E4AAF
:10C5E000271BEEC478E42FAD0618432FA7D7FB3DD9
:10C5F00099004D2B0BDFC14F8024832B00000000DE
:10C6000000000000800000000000000000000000AA
:10C61000FFFFFFFFFFFFFFFFFF0000000000000023
:10C6200000000000F8FFFFFFFFFFFF7F0000004059
:10C630004D8C0300558C03005D8C0300658C03005A
:10C640006D8C0300758C03007D8C0300858C0300CA
:10C650008D8C0300958C03009D8C0300000000006E
:10C6600073ACFFFFFEFFFFFFFFFFFFFFFFFFFFFFBA
:10C67000FFFFFFFF000000000000000000000000BE
:10C6800000000000000000000000000000000000AA
:10C69000000000000000000000000000000000009A
:10C6A000000000000000000000000000000000008A
:10C6B000000000000000000000000000000000007A
:10C6C000000000000000000000000000000000006A
:10C6D000000000000000000000000000000000005A
:10C6E000000000000000000000000000000000004A
:10C6F0000700000000000000000000000000000033
:10C700000000000000000000000000000000000029
:10C710000000000000000000000000000000000019
:10C720000000000000000000000000000000000009
:10C730000000000000000000B3B616CA9AABDF1676
:10C74000FAB8010000000000000000000100000035
:10C7500000000000000000000000000000000000D9
:10C7600000000000000000000000000000000000C9
:10C7700000000000000000000000000000000000B9
:10C7800000000000BB7E4DDDF5F43630769E01A43E
:10C7900092A17AE32C384C3B00000000000000001E
:10C7A0000000000000000000000000000000000089
:10C7B0000000000000000000000000000000000079
:10C7C000000000000000000000000000EE4F3CF000
:10C7D000C33317538682C26BEDDC8F3135F98C93EE
:10C7E0000000000000000000000000000000000049
:10C7F0000000000000000000000000000000000039
:10C800000000000000000000000000000000000028
:10C810000000000001000000000000000000000017
:10C82000800000000000000000000000FFFFFFFF8C
:10C83000FFFFFFFFFF0000000000000000000000FD
:10C8400000000000000000000000000000000000E8
:10C8500000000000000000000000000000000000D8
:10C8600000000000000000000000000000000000C8
:10C8700000000000000000000000000000000000B8
:10C8800000000000000000000000000000000000A8
:10C890000000000000000000000000000000000098
:10C8A0000000000000000000000000000000000088
:10C8B0000000000000000000000000000000000078
:10C8C0000000000000000000000000000000000068
:10C8D0000000000000000000000000000000000058
:10C8E0000000000000000000000000000000000048
:10C8F0000000000000000000000000000000000038
:10C900000000000000000000000000000000000027
:10C910000000000000000000A0000000A1000000D6
:10C920000500000000000000534543475F50524996
:10C930004D455F3136304B3100000000FFFFFF7F77
:10C94000FFFFFFFFFFFFFFFFFFFFFFFFFFFFFFFFF7
:10C9500000000000000000000000000000000000D7
:10C9600000000000000000000000000000000000C7
:10C9700000000000000000000000000000000000B7
:10C9800000000000FCFFFF7FFFFFFFFFFFFFFFFF36
:10C99000FFFFFFFFFFFFFFFF00000000000000009F
:10C9A0000000000000000000000000000000000087
:10C9B0000000000000000000000000000000000077
:10C9C00000000000000000000000000045FA65C5FE
:10C9D000ADD4D4819FF8AC658B7ABD54FCBE971C56
:10C9E0000000000000000000000000000000000047
:10C9F0000000000000000000000000000000000037
:10CA00000000000000000000000000000000000026
:10CA100000000000572275CAD3AE27F9C8F4010000
:10CA20000000000000000000010000000000000005
:10CA300000000000000000000000000000000000F6
:10CA400000000000000000000000000000000000E6
:10CA500000000000000000000000000000000000D6
:10CA600082FCCB13B98BC368896964462873F58E41
:10CA700068B5964A000000000000000000000000B9
:10CA800000000000000000000000000000000000A6
:10CA90000000000000000000000000000000000096
:10CAA000000000000000000032FBC57A375123046B
:10CAB00012C9DC597D9468315528A6230000000076
:10CAC0000000000000000000000000000000000066
:10CAD0000000000000000000000000000000000056
:10CAE0000000000000000000000000000000000046
:10CAF00001000000000000000000000080000000B5
:10CB00000000000000000000FFFFFFFFFFFFFFFF2D
:10CB1000FF00000000000000000000000000000016
:10CB20000000000000000000000000000000000005
:10CB300000000000000000000000000000000000F5
:10CB400000000000000000000000000000000000E5
:10CB500000000000000000000000000000000000D5
:10CB600000000000000000000000000000000000C5
:10CB700000000000000000000000000000000000B5
:10CB800000000000000000000000000000000000A5
:10CB90000000000000000000000000000000000095
:10CBA0000000000000000000000000000000000085
:10CBB0000000000000000000000000000000000075
:10CBC0000000000000000000000000000000000065
:10CBD0000000000000000000000000000000000055
:10CBE0000000000000000000000000000000000045
:10CBF00000000000A0000000A100000005000000EF
:10CC000001000000534543475F5052494D455F3195
:10CC1000363052310000000073ACFFFFFEFFFFFF13
:10CC2000FFFFFFFFFFFFFFFFFFFFFFFF0000000010
:10CC300000000000000000000000000000000000F4
:10CC400000000000000000000000000000000000E4
:10CC500000000000000000000000000000000000D4
:10CC600070ACFFFFFEFFFFFFFFFFFFFFFFFFFFFFB7
:10CC7000FFFFFFFF000000000000000000000000B8
:10CC800000000000000000000000000000000000A4
:10CC90000000000000000000000000000000000094
:10CCA0000000000000000000BA8803F55A4D660439
:10CCB000492757AB8BEB59FBD334E1B4000000009C
:10CCC0000000000000000000000000000000000064
:10CCD0000000000000000000000000000000000054
:10CCE0000000000000000000000000000000000044
:10CCF0006BA1A1F318A886E71E3500000000000014
:10CD00000000000001000000000000000000000022
:10CD10000000000000000000000000000000000013
:10CD20000000000000000000000000000000000003
:10CD30000000000000000000000000006DCE443143
:10CD40009D19F7301BF14F1F7E113A2934B0DC5288
:10CD500000000000000000000000000000000000D3
:10CD600000000000000000000000000000000000C3
:10CD700000000000000000000000000000000000B3
:10CD8000000000002E3FD4A7FE2C98F90DFA71E0A8
:10CD900096F231E3F2FEAFFE00000000000000005A
:10CDA0000000000000000000000000000000000083
:10CDB0000000000000000000000000000000000073
:10CDC0000000000000000000000000000100000062
:10CDD00000000000000000008000000000000000D3
:10CDE00000000000FFFFFFFFFFFFFFFFFF0000004C
:10CDF0000000000000000000000000000000000033
:10CE00000000000000000000000000000000000022
:10CE10000000000000000000000000000000000012
:10CE20000000000000000000000000000000000002
:10CE300000000000000000000000000000000000F2
:10CE400000000000000000000000000000000000E2
:10CE500000000000000000000000000000000000D2
:10CE600000000000000000000000000000000000C2
:10CE700000000000000000000000000000000000B2
:10CE800000000000000000000000000000000000A2
:10CE90000000000000000000000000000000000092
:10CEA0000000000000000000000000000000000082
:10CEB0000000000000000000000000000000000072
:10CEC0000000000000000000000000000000000062
:10CED000A0000000A100000005000000020000000A
:10CEE000534543475F5052494D455F3136305232CA
:10CEF0000000000037EEFFFFFEFFFFFFFFFFFFFF18
:10CF0000FFFFFFFFFFFFFFFFFFFFFFFF000000002D
:10CF10000000000000000000000000000000000011
:10CF20000000000000000000000000000000000001
:10CF300000000000000000000000000000000000F1
:10CF400000000000000000000000000000000000E1
:10CF500000000000000000000000000000000000D1
:10CF600000000000000000000000000000000000C1
:10CF700000000000000000000000000000000000B1
:10CF8000000000000300000000000000000000009E
:10CF90000000000000000000000000000000000091
:10CFA0000000000000000000000000000000000081
:10CFB0000000000000000000000000000000000071
:10CFC0000000000000000000000000008DFDDE7485
:10CFD0006A46690F17FCF226FEFFFFFFFFFFFFFF07
:10CFE000FFFFFFFF00000000000000000000000045
:10CFF0000000000000000000000000000000000031
:10D000000000000000000000000000000000000020
:10D0100000000000000000007D6CE0EAB1D1A51D19
:10D0200034F4B780027DB026AEE957C00EF14FDB75
:10D0300000000000000000000000000000000000F0
:10D0400000000000000000000000000000000000E0
:10D0500000000000000000000000000000000000D0
:10D060009D2F5ED988AA82403486BE15D063418444
:10D07000A728569C6D2F2F9B000000000000000089
:10D0800000000000000000000000000000000000A0
:10D090000000000000000000000000000000000090
:10D0A000000000000000000001000000000000007F
:10D0B00000000000800000000000000000000000F0
:10D0C00000000000000000008000000000000000E0
:10D0D0000000000000000000000000000000000050
:10D0E0000000000000000000000000000000000040
:10D0F0000000000000000000000000000000000030
:10D10000000000000000000000000000000000001F
:10D11000000000000000000000000000000000000F
:10D1200000000000000000000000000000000000FF
:10D1300000000000000000000000000000000000EF
:10D1400000000000000000000000000000000000DF
:10D1500000000000000000000000000000000000CF
:10D1600000000000000000000000000000000000BF
:10D1700000000000000000000000000000000000AF
:10D18000000000000000000000000000000000009F
:10D19000000000000000000000000000000000008F
:10D1A000000000000000000000000000C0000000BF
:10D1B000C000000005000000030000005345434785
:10D1C0005F5052494D455F3139324B31000000000C
:10D1D000FFFFFFFFFFFFFFFFFEFFFFFFFFFFFFFF60
:10D1E000FFFFFFFFFFFFFFFF000000000000000047
:10D1F000000000000000000000000000000000002F
:10D20000000000000000000000000000000000001E
:10D210000000000000000000FCFFFFFFFFFFFFFF19
:10D22000FEFFFFFFFFFFFFFFFFFFFFFFFFFFFFFF0F
:10D2300000000000000000000000000000000000EE
:10D2400000000000000000000000000000000000DE
:10D2500000000000000000000000000000000000CE
:10D26000B1B946C1ECDEB8FE49302472ABE9A70F74
:10D27000E7809CE519052164000000000000000023
:10D28000000000000000000000000000000000009E
:10D29000000000000000000000000000000000008E
:10D2A00000000000000000003128D2B4B1C96B14A6
:10D2B00036F8DE99FFFFFFFFFFFFFFFFFFFFFFFFD5
:10D2C000000000000000000000000000000000005E
:10D2D000000000000000000000000000000000004E
:10D2E000000000000000000000000000000000003E
:10D2F000000000001210FF82FD0AFFF40088A14325
:10D30000EB20BF7CF69030B00EA88D180000000016
:10D31000000000000000000000000000000000000D
:10D3200000000000000000000000000000000000FD
:10D330000000000000000000000000001148791EFD
:10D34000A177F973D5CD246BED11106378DAC8FF9E
:10D35000952B1907000000000000000000000000ED
:10D3600000000000000000000000000000000000BD
:10D3700000000000000000000000000000000000AD
:10D38000000000000100000000000000000000009C
:10D39000800000000000000000000000000000000D
:10D3A00000000000800000000000000000000000FD
:10D3B000000000000000000000000000000000006D
:10D3C000000000000000000000000000000000005D
:10D3D000000000000000000000000000000000004D
:10D3E000000000000000000000000000000000003D
:10D3F000000000000000000000000000000000002D
:10D40000000000000000000000000000000000001C
:10D41000000000000000000000000000000000000C
:10D4200000000000000000000000000000000000FC
:10D4300000000000000000000000000000000000EC
:10D4400000000000000000000000000000000000DC
:10D4500000000000000000000000000000000000CC
:10D4600000000000000000000000000000000000BC
:10D4700000000000000000000000000000000000AC
:10D480000000000000000000C0000000C00000001C
:10D490000500000004000000534543475F50524917
:10D4A0004D455F3139325231000000006DE5FFFF1C
:10D4B000FEFFFFFFFFFFFFFFFFFFFFFFFFFFFFFF7D
:10D4C000FFFFFFFFFFFFFFFF000000000000000064
:10D4D000000000000000000000000000000000004C
:10D4E000000000000000000000000000000000003C
:10D4F000000000000000000000000000000000002C
:10D50000000000000000000000000000000000001B
:10D51000000000000000000000000000000000000B
:10D5200000000000000000000000000000000000FB
:10D5300000000000000000000000000005000000E6
:10D5400000000000000000000000000000000000DB
:10D5500000000000000000000000000000000000CB
:10D5600000000000000000000000000000000000BB
:10D5700000000000000000000000000000000000AB
:10D5800000000000F7B19F7671A9F0CA8461ECD267
:10D59000E8DC0100000000000000000000000000C6
:10D5A000010000000000000000000000000000007A
:10D5B000000000000000000000000000000000006B
:10D5C000000000000000000000000000000000005B
:10D5D0005CA4B7B60E657E0FA97570E4E967A4690F
:10D5E000A128FC30DF99F04D335B45A1000000001D
:10D5F000000000000000000000000000000000002B
:10D60000000000000000000000000000000000001A
:10D610000000000000000000A5616D55DB4BCAE270
:10D6200059BDB0C0F719E3F7D6FBCA824234BA7FBE
:10D63000ED9F087E000000000000000000000000D8
:10D6400000000000000000000000000000000000DA
:10D6500000000000000000000000000000000000CA
:10D660000100000000000000000000008000000039
:10D670000000000000000000FFFFFFFFFFFFFFFFB2
:10D68000FF0000000000000000000000000000009B
:10D69000000000000000000000000000000000008A
:10D6A000000000000000000000000000000000007A
:10D6B000000000000000000000000000000000006A
:10D6C000000000000000000000000000000000005A
:10D6D000000000000000000000000000000000004A
:10D6E000000000000000000000000000000000003A
:10D6F000000000000000000000000000000000002A
:10D700000000000000000000000000000000000019
:10D710000000000000000000000000000000000009
:10D7200000000000000000000000000000000000F9
:10D7300000000000000000000000000000000000E9
:10D7400000000000000000000000000000000000D9
:10D7500000000000000000000000000000000000C9
:10D7600000000000E0000000E100000005000000F3
:10D7700005000000534543475F5052494D455F3215
:10D7800032344B31000000000100000000000000B6
:10D7900000000000FFFFFFFFFFFFFFFFFFFFFFFF95
:10D7A000FFFFFFFF0000000000000000000000007D
:10D7B0000000000000000000000000000000000069
:10D7C0000000000000000000000000000000000059
:10D7D000FEFFFFFFFFFFFFFFFFFFFFFFFEFFFFFF5B
:10D7E000FFFFFFFFFFFFFFFFFFFFFFFF0000000045
:10D7F0000000000000000000000000000000000029
:10D800000000000000000000000000000000000018
:10D810000000000000000000B4FF552343390B272F
:10D82000BAD8BFD7B7B04450563241F5ABB3040CA9
:10D83000850A05B4000000000000000000000000A0
:10D8400000000000000000000000000000000000D8
:10D8500000000000000000000000000000000000C8
:10D860003D2A5C5C4529DD133EF0B8E0A216FFFFBF
:10D87000FFFFFFFFFFFFFFFFFFFFFFFF00000000B4
:10D880000000000000000000000000000000000098
:10D890000000000000000000000000000000000088
:10D8A000000000000000000000000000211D5C11CD
:10D8B000D68032342211C256D3C1034AB9901332F2
:10D8C0007FBFB46BBD0C0EB700000000000000006D
:10D8D0000000000000000000000000000000000048
:10D8E0000000000000000000000000000000000038
:10D8F00000000000347E00859981D5446447075AB2
:10D90000A07543CDE6DF224CFB23F7B5886337BD16
:10D910000000000000000000000000000000000007
:10D9200000000000000000000000000000000000F7
:10D9300000000000000000000000000001000000E6
:10D940000000000000000000800000000000000057
:10D950000000000000000000000000008000000047
:10D9600000000000000000000000000000000000B7
:10D9700000000000000000000000000000000000A7
:10D980000000000000000000000000000000000097
:10D990000000000000000000000000000000000087
:10D9A0000000000000000000000000000000000077
:10D9B0000000000000000000000000000000000067
:10D9C0000000000000000000000000000000000057
:10D9D0000000000000000000000000000000000047
:10D9E0000000000000000000000000000000000037
:10D9F0000000000000000000000000000000000027
:10DA00000000000000000000000000000000000016
:10DA10000000000000000000000000000000000006
:10DA200000000000000000000000000000000000F6
:10DA300000000000000000000000000000000000E6
:10DA4000E0000000E000000005000000060000000B
:10DA5000534543475F5052494D455F32323452314E
:10DA6000000000002FFCFFFFFEFFFFFFFFFFFFFF96
:10DA7000FFFFFFFFFFFFFFFFFFFFFFFFFFFFFFFFB6
:10DA8000FFFFFFFF0000000000000000000000009A
:10DA90000000000000000000000000000000000086
:10DAA0000000000000000000000000000000000076
:10DAB0000000000000000000000000000000000066
:10DAC0000000000000000000000000000000000056
:10DAD0000000000000000000000000000000000046
:10DAE0000000000000000000000000000000000036
:10DAF000000000000700000000000000000000001F
:10DB00000000000000000000000000000000000015
:10DB10000000000000000000000000000000000005
:10DB200000000000000000000000000000000000F5
:10DB3000000000000000000000000000414136D05D
:10DB40008C5ED2BF3BA048AFE6DCAEBAFEFFFFFF63
:10DB5000FFFFFFFFFFFFFFFFFFFFFFFF00000000D1
:10DB600000000000000000000000000000000000B5
:10DB700000000000000000000000000000000000A5
:10DB800000000000000000009817F8165B81F259B1
:10DB9000D928CE2DDBFC9B02070B87CE9562A055C2
:10DBA000ACBBDCF97E66BE7900000000000000001E
:10DBB0000000000000000000000000000000000065
:10DBC0000000000000000000000000000000000055
:10DBD000B8D410FB8FD0479C195485A648B417FDC4
:10DBE000A808110EFCFBA45D65C4A32677DA3A48A9
:10DBF0000000000000000000000000000000000025
:10DC00000000000000000000000000000000000014
:10DC10000000000000000000010000000000000003
:10DC20000000000080000000000000000000000074
:10DC30000000000000000000800000000000000064
:10DC400000000000000000000000000000000000D4
:10DC500000000000000000000000000000000000C4
:10DC600000000000000000000000000000000000B4
:10DC700000000000000000000000000000000000A4
:10DC80000000000000000000000000000000000094
:10DC90000000000000000000000000000000000084
:10DCA0000000000000000000000000000000000074
:10DCB0000000000000000000000000000000000064
:10DCC0000000000000000000000000000000000054
:10DCD0000000000000000000000000000000000044
:10DCE0000000000000000000000000000000000034
:10DCF0000000000000000000000000000000000024
:10DD00000000000000000000000000000000000013
:10DD10000000000000000000000000000001000002
:10DD200000010000050000000700000053454347C4
:10DD30005F5052494D455F3235364B31000000008F
:10DD4000FFFFFFFFFFFFFFFFFFFFFFFF00000000DF
:10DD5000000000000000000001000000FFFFFFFFC6
:10DD600000000000000000000000000000000000B3
:10DD700000000000000000000000000000000000A3
:10DD80000000000000000000FCFFFFFFFFFFFFFF9E
:10DD9000FFFFFFFF00000000000000000000000087
:10DDA00001000000FFFFFFFF000000000000000076
:10DDB0000000000000000000000000000000000063
:10DDC0000000000000000000000000000000000053
:10DDD0004B60D2273E3CCE3BF6B053CCB0061D651F
:10DDE000BC86987655BDEBB3E7933AAAD835C65AA8
:10DDF0000000000000000000000000000000000023
:10DE00000000000000000000000000000000000012
:10DE10000000000000000000512563FCC2CAB9F3F5
:10DE2000849E17A7ADFAE6BCFFFFFFFFFFFFFFFFD1
:10DE300000000000FFFFFFFF0000000000000000E6
:10DE400000000000000000000000000000000000D2
:10DE500000000000000000000000000000000000C2
:10DE60000000000096C298D84539A1F4A033EB2DEC
:10DE7000817D0377F240A463E5E6BCF847422CE1DC
:10DE8000F2D1176B0000000000000000000000004D
:10DE90000000000000000000000000000000000082
:10DEA000000000000000000000000000F551BF3736
:10DEB0006840B6CBCE5E316B5733CE2B169E0F7CAF
:10DEC0004AEBE78E9B7F1AFEE242E34F0000000020
:10DED0000000000000000000000000000000000042
:10DEE0000000000000000000000000000000000032
:10DEF0000000000001000000FFFFFFFF7F000000A6
:10DF0000800000000000000000000000FFFFFFFF95
:10DF10007F00000080000000000000000000000002
:10DF200000000000000000000000000000000000F1
:10DF300000000000000000000000000000000000E1
:10DF400000000000000000000000000000000000D1
:10DF500000000000000000000000000000000000C1
:10DF600000000000000000000000000000000000B1
:10DF700000000000000000000000000000000000A1
:10DF80000000000000000000000000000000000091
:10DF90000000000000000000000000000000000081
:10DFA0000000000000000000000000000000000071
:10DFB0000000000000000000000000000000000061
:10DFC0000000000000000000000000000000000051
:10DFD0000000000000000000000000000000000041
:10DFE0000000000000000000000000000000000031
:10DFF000000000000000000000010000000100001F
:10E000000500000008000000534543475F50524997
:10E010004D455F323536523100000000FFFFFFFFF3
:10E020000000000000000000FFFFFFFFFEFFFFFFF9
:10E03000FFFFFFFFFFFFFFFFFFFFFFFFFFFFFFFFF0
:10E04000FFFFFFFFFFFFFFFFFFFFFFFF00000000DC
:10E0500000000000000000000000000000000000C0
:10E0600000000000FCFFFFFF0000000000000000B7
:10E07000FFFFFFFFFEFFFFFFFFFFFFFFFFFFFFFFB1
:10E08000FFFFFFFFFFFFFFFFFFFFFFFFFFFFFFFFA0
:10E09000FFFFFFFF00000000000000000000000084
:10E0A000000000000000000000000000EF2AECD398
:10E0B000EDC8852A9DD12E8A8D3956C65A871350B0
:10E0C0008F081403124181FE6E9C1D18192DF8E370
:10E0D0006B058E98E4E73EE2A72F31B30000000005
:10E0E0000000000000000000000000000000000030
:10E0F000000000007329C5CC6A19ECEC7AA7B0487F
:10E10000B20D1A58DF2D37F4814D63C7FFFFFFFFB3
:10E11000FFFFFFFFFFFFFFFFFFFFFFFFFFFFFFFF0F
:10E12000FFFFFFFF000000000000000000000000F3
:10E1300000000000000000000000000000000000DF
:10E14000B70A7672385E543A6C2955BF5DF20255B3
:10E15000382A5482E041F759989BA78B623B1D6E89
:10E1600074AD20F31EC7B18E37058BBE22CA87AAB5
:10E17000000000000000000000000000000000009F
:10E1800000000000000000005F0EEA907C1D437A52
:10E190009D817E1DCEB1600AC0B8F0B51331DAE9B9
:10E1A0007C149A28BD1DF4F829DC9292BF989E5DDC
:10E1B0006F2C26964ADE1736000000000000000093
:10E1C000000000000000000000000000000000004F
:10E1D00001000000000000000000000080000000BE
:10E1E000000000000000000000000000000000002F
:10E1F000800000000000000000000000000000009F
:10E20000000000000000000000000000000000000E
:10E2100000000000000000000000000000000000FE
:10E2200000000000000000000000000000000000EE
:10E2300000000000000000000000000000000000DE
:10E2400000000000000000000000000000000000CE
:10E2500000000000000000000000000000000000BE
:10E2600000000000000000000000000000000000AE
:10E27000000000000000000000000000000000009E
:10E28000000000000000000000000000000000008E
:10E29000000000000000000000000000000000007E
:10E2A000000000000000000000000000000000006E
:10E2B000000000000000000000000000000000005E
:10E2C000000000000000000000000000000000004E
:10E2D0000000000080010000800100000500000037
:10E2E00009000000534543475F5052494D455F3395
:10E2F0003834523100000000FFFFFFFFFFFFFFFF37
:10E30000FFFFFFFFFFFFFFFFFFFFFFFFFFFFFFFF1D
:10E31000FFFFFFFFFFFFFFFFFFFFFFFFFFFFFFFF0D
:10E32000FFFFFFFFFFFFFFFFFFFFFFFFFFFFFFFFFD
:10E33000FFFFFFFFFFFFFFFFFF01000000000000E5
:10E34000FCFFFFFFFFFFFFFFFFFFFFFFFFFFFFFFE0
:10E35000FFFFFFFFFFFFFFFFFFFFFFFFFFFFFFFFCD
:10E36000FFFFFFFFFFFFFFFFFFFFFFFFFFFFFFFFBD
:10E37000FFFFFFFFFFFFFFFFFFFFFFFFFFFFFFFFAD
:10E38000FF01000000000000003F506BD41F45EF6C
:10E39000F1342C3D88DF733507BFB13BBDC0521649
:10E3A0007B937EEC51391956E109F18E9189B4B80D
:10E3B000F315B3995B72DAA2EE4085B6A0219A926A
:10E3C0001F9A1C8E61B93E955100000000000000AC
:10E3D000096438911EB76FBBAE479C89B8C9B53B7D
:10E3E000D0A509F74801CC7F6B962FBF8387865154
:10E3F000FAFFFFFFFFFFFFFFFFFFFFFFFFFFFFFF32
:10E40000FFFFFFFFFFFFFFFFFFFFFFFFFFFFFFFF1C
:10E41000FF010000000000000000000066BDE5C232
:10E42000317E7EF99B426A85C1B34833DEA8FFA2E4
:10E4300027C11DFE2859E7EF775E4BA1BA3D4D6B12
:10E4400060AF28F821B53F053981649C42B495231B
:10E4500066CB3E9ECDE90404B7068E85C60000005B
:10E46000000000005066D19F7694BE8840C272A220
:10E4700086703C356107AD3F01B950C54026F45E5A
:10E480009972EE972C663E2717BDAF1768449B57CD
:10E490004944F598D91B7D2CB45F8A5C04C03B9A33
:10E4A000786A29391801000000000000010000000E
:10E4B00000000000000000008000000000000000DC
:10E4C00000000000000000000000000080000000CC
:10E4D000000000000000000000000000000000003C
:10E4E000000000000000000000000000000000002C
:10E4F000000000000000000000000000000000001C
:10E50000000000000000000000000000000000000B
:10E5100000000000000000000000000000000000FB
:10E5200000000000000000000000000000000000EB
:10E5300000000000000000000000000000000000DB
:10E5400000000000000000000000000000000000CB
:10E5500000000000000000000000000000000000BB
:10E5600000000000000000000000000000000000AB
:10E57000000000000000000000000000000000009B
:10E58000000000000000000000000000000000008B
:10E59000000000000000000000000000000000007B
:10E5A000000000000000000000000000000000006B
:10E5B0000902000009020000050000000A00000036
:10E5C000534543475F5052494D455F3532315231D3
:04E5D0000000000047
:10E5D400001001401100040000000000FF000000D2
:10E5E4000D1801000F1801000A180100FFFF0100B7
:10E5F4000090D0030100FFFFFFFFFFFFFFFFFFFFBD
:10E60400FFFFFFFFFFFF181818181818181800004C
:10E6140014B9030014B9030014B9030014B90300B6
:04E6240014B9030022
:0400000320007375F1
:00000001FF
